prior ledger EUR 14.7109; this run capped at EUR 10.00 (47 scenarios)
resume: 41 rows already recorded in oracle_rules_llm.jsonl
deepseek-v4-flash db-then-user#r0: NEED_MORE_INFO (match=True P=1.00 R=1.00) spent EUR 14.7236
deepseek-v4-flash deny#r0: DENY (match=True P=1.00 R=1.00) spent EUR 14.7363
deepseek-v4-flash need-db#r0: NEED_MORE_INFO (match=True P=1.00 R=1.00) spent EUR 14.7490
deepseek-v4-flash need-user#r0: NEED_MORE_INFO (match=True P=1.00 R=1.00) spent EUR 14.7618
deepseek-v4-flash prompt-swap#r0: ALLOW (match=True P=1.00 R=1.00) spent EUR 14.7745
deepseek-v4-flash unrelated-law#r0: ALLOW (match=True P=1.00 R=1.00) spent EUR 14.7787
deepseek-v4-flash civil_service_allow#r1: ALLOW (match=True P=1.00 R=1.00) spent EUR 14.7790
deepseek-v4-flash civil_service_allow_eu_path#r1: ALLOW (match=True P=1.00 R=1.00) spent EUR 14.7794
deepseek-v4-flash civil_service_deny#r1: DENY (match=True P=1.00 R=1.00) spent EUR 14.7797
deepseek-v4-flash civil_service_deny_no_citizenship#r1: DENY (match=True P=1.00 R=1.00) spent EUR 14.7801
deepseek-v4-flash civil_service_need_db#r1: NEED_MORE_INFO (match=True P=1.00 R=1.00) spent EUR 14.7804
deepseek-v4-flash civil_service_u3_no_register#r1: NEED_MORE_INFO (match=True P=1.00 R=1.00) spent EUR 14.7808
deepseek-v4-flash civil_service_u7_trust_only#r1: ALLOW (match=False P=1.00 R=0.00) spent EUR 14.7811
deepseek-v4-flash civil_service_u8_need_user#r1: NEED_MORE_INFO (match=True P=1.00 R=1.00) spent EUR 14.7815
deepseek-v4-flash consumer_withdrawal_allow#r1: ALLOW (match=True P=1.00 R=1.00) spent EUR 14.7818
deepseek-v4-flash consumer_withdrawal_allow_via_db#r1: ALLOW (match=True P=1.00 R=1.00) spent EUR 14.7821
deepseek-v4-flash consumer_withdrawal_deny#r1: DENY (match=True P=1.00 R=1.00) spent EUR 14.7824
deepseek-v4-flash consumer_withdrawal_deny_not_consumer#r1: DENY (match=True P=1.00 R=1.00) spent EUR 14.7828
deepseek-v4-flash consumer_withdrawal_need_user#r1: NEED_MORE_INFO (match=True P=1.00 R=1.00) spent EUR 14.7831
deepseek-v4-flash consumer_withdrawal_u3_no_register#r1: NEED_MORE_INFO (match=True P=1.00 R=1.00) spent EUR 14.7834
deepseek-v4-flash consumer_withdrawal_u5_need_db#r1: NEED_MORE_INFO (match=True P=1.00 R=1.00) spent EUR 14.7837
deepseek-v4-flash consumer_withdrawal_u7_trust_only#r1: ALLOW (match=False P=1.00 R=0.00) spent EUR 14.7840
deepseek-v4-flash land_tax_allow#r1: ALLOW (match=True P=1.00 R=1.00) spent EUR 14.7844
deepseek-v4-flash land_tax_allow_pensioner#r1: ALLOW (match=True P=1.00 R=1.00) spent EUR 14.7847
deepseek-v4-flash land_tax_allow_via_db#r1: ALLOW (match=True P=1.00 R=1.00) spent EUR 14.7851
deepseek-v4-flash land_tax_deny#r1: DENY (match=True P=1.00 R=1.00) spent EUR 14.7854
deepseek-v4-flash land_tax_deny_not_residential#r1: DENY (match=True P=1.00 R=1.00) spent EUR 14.7858
deepseek-v4-flash land_tax_need_db#r1: NEED_MORE_INFO (match=True P=1.00 R=1.00) spent EUR 14.7861
deepseek-v4-flash land_tax_u3_no_register#r1: NEED_MORE_INFO (match=True P=1.00 R=1.00) spent EUR 14.7864
deepseek-v4-flash land_tax_u7_trust_only#r1: DENY (match=False P=1.00 R=0.00) spent EUR 14.7868
deepseek-v4-flash journalism_allow#r1: ALLOW (match=True P=1.00 R=1.00) spent EUR 14.7871
deepseek-v4-flash journalism_allow_via_consent#r1: ALLOW (match=True P=1.00 R=1.00) spent EUR 14.7873
deepseek-v4-flash journalism_deny#r1: DENY (match=True P=1.00 R=1.00) spent EUR 14.7876
deepseek-v4-flash journalism_deny_no_basis#r1: DENY (match=True P=1.00 R=1.00) spent EUR 14.7879
deepseek-v4-flash journalism_need_user#r1: NEED_MORE_INFO (match=True P=0.67 R=1.00) spent EUR 14.7882
deepseek-v4-flash journalism_u3_no_register#r1: NEED_MORE_INFO (match=True P=1.00 R=1.00) spent EUR 14.7884
deepseek-v4-flash journalism_u5_need_db#r1: NEED_MORE_INFO (match=True P=1.00 R=0.50) spent EUR 14.7887
deepseek-v4-flash journalism_u7_trust_only#r1: ALLOW (match=False P=1.00 R=0.00) spent EUR 14.7889
deepseek-v4-flash building_permit_allow#r1: ALLOW (match=True P=1.00 R=1.00) spent EUR 14.7892
deepseek-v4-flash building_permit_allow_via_db#r1: ALLOW (match=True P=1.00 R=1.00) spent EUR 14.7895
deepseek-v4-flash building_permit_deny#r1: DENY (match=True P=1.00 R=1.00) spent EUR 14.7898
deepseek-v4-flash building_permit_deny_incompetent#r1: DENY (match=True P=1.00 R=1.00) spent EUR 14.7901
deepseek-v4-flash building_permit_deny_no_site_study#r1: DENY (match=True P=1.00 R=1.00) spent EUR 14.7904
deepseek-v4-flash building_permit_need_db#r1: NEED_MORE_INFO (match=True P=1.00 R=1.00) spent EUR 14.7907
deepseek-v4-flash building_permit_u3_no_register#r1: NEED_MORE_INFO (match=True P=1.00 R=1.00) spent EUR 14.7910
deepseek-v4-flash building_permit_u7_trust_only#r1: ALLOW (match=False P=1.00 R=0.00) spent EUR 14.7913
deepseek-v4-flash allow#r1: ALLOW (match=True P=1.00 R=1.00) spent EUR 14.8040
deepseek-v4-flash db-then-user#r1: NEED_MORE_INFO (match=True P=1.00 R=1.00) spent EUR 14.8167
deepseek-v4-flash deny#r1: DENY (match=True P=1.00 R=1.00) spent EUR 14.8294
deepseek-v4-flash need-db#r1: NEED_MORE_INFO (match=True P=1.00 R=1.00) spent EUR 14.8421
deepseek-v4-flash need-user#r1: NEED_MORE_INFO (match=True P=1.00 R=1.00) spent EUR 14.8548
deepseek-v4-flash prompt-swap#r1: ALLOW (match=True P=1.00 R=1.00) spent EUR 14.8675
deepseek-v4-flash unrelated-law#r1: ALLOW (match=True P=1.00 R=1.00) spent EUR 14.8717
deepseek-v4-flash civil_service_allow#r2: ALLOW (match=True P=1.00 R=1.00) spent EUR 14.8721
deepseek-v4-flash civil_service_allow_eu_path#r2: ALLOW (match=True P=1.00 R=1.00) spent EUR 14.8725
deepseek-v4-flash civil_service_deny#r2: DENY (match=True P=1.00 R=1.00) spent EUR 14.8728
deepseek-v4-flash civil_service_deny_no_citizenship#r2: DENY (match=True P=1.00 R=1.00) spent EUR 14.8732
deepseek-v4-flash civil_service_need_db#r2: NEED_MORE_INFO (match=True P=1.00 R=1.00) spent EUR 14.8735
deepseek-v4-flash civil_service_u3_no_register#r2: NEED_MORE_INFO (match=True P=1.00 R=1.00) spent EUR 14.8739
deepseek-v4-flash civil_service_u7_trust_only#r2: ALLOW (match=False P=1.00 R=0.00) spent EUR 14.8742
deepseek-v4-flash civil_service_u8_need_user#r2: NEED_MORE_INFO (match=True P=1.00 R=1.00) spent EUR 14.8746
deepseek-v4-flash consumer_withdrawal_allow#r2: ALLOW (match=True P=1.00 R=1.00) spent EUR 14.8749
deepseek-v4-flash consumer_withdrawal_allow_via_db#r2: ALLOW (match=True P=1.00 R=1.00) spent EUR 14.8752
deepseek-v4-flash consumer_withdrawal_deny#r2: DENY (match=True P=1.00 R=1.00) spent EUR 14.8755
deepseek-v4-flash consumer_withdrawal_deny_not_consumer#r2: DENY (match=True P=1.00 R=1.00) spent EUR 14.8758
deepseek-v4-flash consumer_withdrawal_need_user#r2: NEED_MORE_INFO (match=True P=1.00 R=1.00) spent EUR 14.8762
deepseek-v4-flash consumer_withdrawal_u3_no_register#r2: NEED_MORE_INFO (match=True P=1.00 R=1.00) spent EUR 14.8765
deepseek-v4-flash consumer_withdrawal_u5_need_db#r2: NEED_MORE_INFO (match=True P=1.00 R=1.00) spent EUR 14.8768
deepseek-v4-flash consumer_withdrawal_u7_trust_only#r2: ALLOW (match=False P=1.00 R=0.00) spent EUR 14.8771
deepseek-v4-flash land_tax_allow#r2: ALLOW (match=True P=1.00 R=1.00) spent EUR 14.8775
deepseek-v4-flash land_tax_allow_pensioner#r2: ALLOW (match=True P=1.00 R=1.00) spent EUR 14.8778
deepseek-v4-flash land_tax_allow_via_db#r2: ALLOW (match=True P=1.00 R=1.00) spent EUR 14.8782
deepseek-v4-flash land_tax_deny#r2: DENY (match=True P=1.00 R=1.00) spent EUR 14.8785
deepseek-v4-flash land_tax_deny_not_residential#r2: DENY (match=True P=1.00 R=1.00) spent EUR 14.8788
deepseek-v4-flash land_tax_need_db#r2: NEED_MORE_INFO (match=True P=1.00 R=1.00) spent EUR 14.8792
deepseek-v4-flash land_tax_u3_no_register#r2: NEED_MORE_INFO (match=True P=1.00 R=1.00) spent EUR 14.8795
deepseek-v4-flash land_tax_u7_trust_only#r2: DENY (match=False P=1.00 R=0.00) spent EUR 14.8799
deepseek-v4-flash journalism_allow#r2: ALLOW (match=True P=1.00 R=1.00) spent EUR 14.8801
deepseek-v4-flash journalism_allow_via_consent#r2: ALLOW (match=True P=1.00 R=1.00) spent EUR 14.8804
deepseek-v4-flash journalism_deny#r2: DENY (match=True P=1.00 R=1.00) spent EUR 14.8806
deepseek-v4-flash journalism_deny_no_basis#r2: DENY (match=True P=1.00 R=1.00) spent EUR 14.8809
deepseek-v4-flash journalism_need_user#r2: NEED_MORE_INFO (match=True P=1.00 R=1.00) spent EUR 14.8812
deepseek-v4-flash journalism_u3_no_register#r2: NEED_MORE_INFO (match=True P=1.00 R=1.00) spent EUR 14.8814
deepseek-v4-flash journalism_u5_need_db#r2: NEED_MORE_INFO (match=True P=1.00 R=0.50) spent EUR 14.8817
deepseek-v4-flash journalism_u7_trust_only#r2: ALLOW (match=False P=1.00 R=0.00) spent EUR 14.8819
deepseek-v4-flash building_permit_allow#r2: ALLOW (match=True P=1.00 R=1.00) spent EUR 14.8822
deepseek-v4-flash building_permit_allow_via_db#r2: ALLOW (match=True P=1.00 R=1.00) spent EUR 14.8825
deepseek-v4-flash building_permit_deny#r2: DENY (match=True P=1.00 R=1.00) spent EUR 14.8828
deepseek-v4-flash building_permit_deny_incompetent#r2: DENY (match=True P=1.00 R=1.00) spent EUR 14.8831
deepseek-v4-flash building_permit_deny_no_site_study#r2: DENY (match=True P=1.00 R=1.00) spent EUR 14.8834
deepseek-v4-flash building_permit_need_db#r2: NEED_MORE_INFO (match=True P=1.00 R=1.00) spent EUR 14.8837
deepseek-v4-flash building_permit_u3_no_register#r2: NEED_MORE_INFO (match=True P=1.00 R=1.00) spent EUR 14.8840
deepseek-v4-flash building_permit_u7_trust_only#r2: ALLOW (match=False P=1.00 R=0.00) spent EUR 14.8843
deepseek-v4-flash allow#r2: ALLOW (match=True P=1.00 R=1.00) spent EUR 14.8970
deepseek-v4-flash db-then-user#r2: NEED_MORE_INFO (match=True P=1.00 R=1.00) spent EUR 14.9097
deepseek-v4-flash deny#r2: DENY (match=True P=1.00 R=1.00) spent EUR 14.9224
deepseek-v4-flash need-db#r2: NEED_MORE_INFO (match=True P=1.00 R=1.00) spent EUR 14.9351
deepseek-v4-flash need-user#r2: NEED_MORE_INFO (match=True P=1.00 R=1.00) spent EUR 14.9478
deepseek-v4-flash prompt-swap#r2: ALLOW (match=True P=1.00 R=1.00) spent EUR 14.9605
deepseek-v4-flash unrelated-law#r2: ALLOW (match=True P=1.00 R=1.00) spent EUR 14.9647
deepseek-v4-flash civil_service_allow#r3: ALLOW (match=True P=1.00 R=1.00) spent EUR 14.9651
deepseek-v4-flash civil_service_allow_eu_path#r3: ALLOW (match=True P=1.00 R=1.00) spent EUR 14.9654
deepseek-v4-flash civil_service_deny#r3: DENY (match=True P=1.00 R=1.00) spent EUR 14.9658
deepseek-v4-flash civil_service_deny_no_citizenship#r3: DENY (match=True P=1.00 R=1.00) spent EUR 14.9661
deepseek-v4-flash civil_service_need_db#r3: NEED_MORE_INFO (match=True P=1.00 R=1.00) spent EUR 14.9665
deepseek-v4-flash civil_service_u3_no_register#r3: NEED_MORE_INFO (match=True P=1.00 R=1.00) spent EUR 14.9668
deepseek-v4-flash civil_service_u7_trust_only#r3: ALLOW (match=False P=1.00 R=0.00) spent EUR 14.9672
deepseek-v4-flash civil_service_u8_need_user#r3: NEED_MORE_INFO (match=True P=1.00 R=1.00) spent EUR 14.9675
deepseek-v4-flash consumer_withdrawal_allow#r3: ALLOW (match=True P=1.00 R=1.00) spent EUR 14.9679
deepseek-v4-flash consumer_withdrawal_allow_via_db#r3: ALLOW (match=True P=1.00 R=1.00) spent EUR 14.9682
deepseek-v4-flash consumer_withdrawal_deny#r3: DENY (match=True P=1.00 R=1.00) spent EUR 14.9685
deepseek-v4-flash consumer_withdrawal_deny_not_consumer#r3: DENY (match=True P=1.00 R=1.00) spent EUR 14.9688
deepseek-v4-flash consumer_withdrawal_need_user#r3: NEED_MORE_INFO (match=True P=1.00 R=1.00) spent EUR 14.9691
deepseek-v4-flash consumer_withdrawal_u3_no_register#r3: NEED_MORE_INFO (match=True P=1.00 R=1.00) spent EUR 14.9694
deepseek-v4-flash consumer_withdrawal_u5_need_db#r3: NEED_MORE_INFO (match=True P=1.00 R=1.00) spent EUR 14.9698
deepseek-v4-flash consumer_withdrawal_u7_trust_only#r3: ALLOW (match=False P=1.00 R=0.00) spent EUR 14.9701
deepseek-v4-flash land_tax_allow#r3: ALLOW (match=True P=1.00 R=1.00) spent EUR 14.9704
deepseek-v4-flash land_tax_allow_pensioner#r3: ALLOW (match=True P=1.00 R=1.00) spent EUR 14.9708
deepseek-v4-flash land_tax_allow_via_db#r3: ALLOW (match=True P=1.00 R=1.00) spent EUR 14.9711
deepseek-v4-flash land_tax_deny#r3: DENY (match=True P=1.00 R=1.00) spent EUR 14.9715
deepseek-v4-flash land_tax_deny_not_residential#r3: DENY (match=True P=1.00 R=1.00) spent EUR 14.9718
deepseek-v4-flash land_tax_need_db#r3: NEED_MORE_INFO (match=True P=1.00 R=1.00) spent EUR 14.9721
deepseek-v4-flash land_tax_u3_no_register#r3: NEED_MORE_INFO (match=True P=1.00 R=1.00) spent EUR 14.9725
deepseek-v4-flash land_tax_u7_trust_only#r3: DENY (match=False P=1.00 R=0.00) spent EUR 14.9728
deepseek-v4-flash journalism_allow#r3: ALLOW (match=True P=1.00 R=1.00) spent EUR 14.9731
deepseek-v4-flash journalism_allow_via_consent#r3: ALLOW (match=True P=1.00 R=1.00) spent EUR 14.9733
deepseek-v4-flash journalism_deny#r3: DENY (match=True P=1.00 R=1.00) spent EUR 14.9736
deepseek-v4-flash journalism_deny_no_basis#r3: DENY (match=True P=1.00 R=1.00) spent EUR 14.9739
deepseek-v4-flash journalism_need_user#r3: NEED_MORE_INFO (match=True P=0.67 R=1.00) spent EUR 14.9742
deepseek-v4-flash journalism_u3_no_register#r3: NEED_MORE_INFO (match=True P=1.00 R=1.00) spent EUR 14.9744
deepseek-v4-flash journalism_u5_need_db#r3: NEED_MORE_INFO (match=True P=1.00 R=0.50) spent EUR 14.9747
deepseek-v4-flash journalism_u7_trust_only#r3: ALLOW (match=False P=1.00 R=0.00) spent EUR 14.9749
deepseek-v4-flash building_permit_allow#r3: ALLOW (match=True P=1.00 R=1.00) spent EUR 14.9752
deepseek-v4-flash building_permit_allow_via_db#r3: ALLOW (match=True P=1.00 R=1.00) spent EUR 14.9755
deepseek-v4-flash building_permit_deny#r3: DENY (match=True P=1.00 R=1.00) spent EUR 14.9758
deepseek-v4-flash building_permit_deny_incompetent#r3: DENY (match=True P=1.00 R=1.00) spent EUR 14.9760
deepseek-v4-flash building_permit_deny_no_site_study#r3: DENY (match=True P=1.00 R=1.00) spent EUR 14.9764
deepseek-v4-flash building_permit_need_db#r3: NEED_MORE_INFO (match=True P=1.00 R=1.00) spent EUR 14.9767
deepseek-v4-flash building_permit_u3_no_register#r3: NEED_MORE_INFO (match=True P=1.00 R=1.00) spent EUR 14.9770
deepseek-v4-flash building_permit_u7_trust_only#r3: ALLOW (match=False P=1.00 R=0.00) spent EUR 14.9772
deepseek-v4-flash allow#r3: ALLOW (match=True P=1.00 R=1.00) spent EUR 14.9899
deepseek-v4-flash db-then-user#r3: NEED_MORE_INFO (match=True P=1.00 R=1.00) spent EUR 15.0027
deepseek-v4-flash deny#r3: DENY (match=True P=1.00 R=1.00) spent EUR 15.0153
deepseek-v4-flash need-db#r3: NEED_MORE_INFO (match=True P=1.00 R=1.00) spent EUR 15.0281
deepseek-v4-flash need-user#r3: NEED_MORE_INFO (match=True P=1.00 R=1.00) spent EUR 15.0408
deepseek-v4-flash prompt-swap#r3: ALLOW (match=True P=1.00 R=1.00) spent EUR 15.0535
deepseek-v4-flash unrelated-law#r3: ALLOW (match=True P=1.00 R=1.00) spent EUR 15.0577
deepseek-v4-flash civil_service_allow#r4: ALLOW (match=True P=1.00 R=1.00) spent EUR 15.0580
deepseek-v4-flash civil_service_allow_eu_path#r4: ALLOW (match=True P=1.00 R=1.00) spent EUR 15.0584
deepseek-v4-flash civil_service_deny#r4: DENY (match=True P=1.00 R=1.00) spent EUR 15.0587
deepseek-v4-flash civil_service_deny_no_citizenship#r4: DENY (match=True P=1.00 R=1.00) spent EUR 15.0591
deepseek-v4-flash civil_service_need_db#r4: NEED_MORE_INFO (match=True P=1.00 R=1.00) spent EUR 15.0594
deepseek-v4-flash civil_service_u3_no_register#r4: NEED_MORE_INFO (match=True P=1.00 R=1.00) spent EUR 15.0598
deepseek-v4-flash civil_service_u7_trust_only#r4: ALLOW (match=False P=1.00 R=0.00) spent EUR 15.0602
deepseek-v4-flash civil_service_u8_need_user#r4: NEED_MORE_INFO (match=True P=1.00 R=1.00) spent EUR 15.0605
deepseek-v4-flash consumer_withdrawal_allow#r4: ALLOW (match=True P=1.00 R=1.00) spent EUR 15.0608
deepseek-v4-flash consumer_withdrawal_allow_via_db#r4: ALLOW (match=True P=1.00 R=1.00) spent EUR 15.0612
deepseek-v4-flash consumer_withdrawal_deny#r4: DENY (match=True P=1.00 R=1.00) spent EUR 15.0615
deepseek-v4-flash consumer_withdrawal_deny_not_consumer#r4: DENY (match=True P=1.00 R=1.00) spent EUR 15.0618
deepseek-v4-flash consumer_withdrawal_need_user#r4: NEED_MORE_INFO (match=True P=1.00 R=1.00) spent EUR 15.0621
deepseek-v4-flash consumer_withdrawal_u3_no_register#r4: NEED_MORE_INFO (match=True P=1.00 R=1.00) spent EUR 15.0624
deepseek-v4-flash consumer_withdrawal_u5_need_db#r4: NEED_MORE_INFO (match=True P=1.00 R=1.00) spent EUR 15.0627
deepseek-v4-flash consumer_withdrawal_u7_trust_only#r4: ALLOW (match=False P=1.00 R=0.00) spent EUR 15.0631
deepseek-v4-flash land_tax_allow#r4: ALLOW (match=True P=1.00 R=1.00) spent EUR 15.0634
deepseek-v4-flash land_tax_allow_pensioner#r4: ALLOW (match=True P=1.00 R=1.00) spent EUR 15.0638
deepseek-v4-flash land_tax_allow_via_db#r4: ALLOW (match=True P=1.00 R=1.00) spent EUR 15.0641
deepseek-v4-flash land_tax_deny#r4: DENY (match=True P=1.00 R=1.00) spent EUR 15.0645
deepseek-v4-flash land_tax_deny_not_residential#r4: DENY (match=True P=1.00 R=1.00) spent EUR 15.0648
deepseek-v4-flash land_tax_need_db#r4: NEED_MORE_INFO (match=True P=1.00 R=1.00) spent EUR 15.0651
deepseek-v4-flash land_tax_u3_no_register#r4: NEED_MORE_INFO (match=True P=1.00 R=1.00) spent EUR 15.0655
deepseek-v4-flash land_tax_u7_trust_only#r4: DENY (match=False P=1.00 R=0.00) spent EUR 15.0658
deepseek-v4-flash journalism_allow#r4: ALLOW (match=True P=1.00 R=1.00) spent EUR 15.0661
deepseek-v4-flash journalism_allow_via_consent#r4: ALLOW (match=True P=1.00 R=1.00) spent EUR 15.0663
deepseek-v4-flash journalism_deny#r4: DENY (match=True P=1.00 R=1.00) spent EUR 15.0666
deepseek-v4-flash journalism_deny_no_basis#r4: DENY (match=True P=1.00 R=1.00) spent EUR 15.0669
deepseek-v4-flash journalism_need_user#r4: NEED_MORE_INFO (match=True P=1.00 R=1.00) spent EUR 15.0671
deepseek-v4-flash journalism_u3_no_register#r4: NEED_MORE_INFO (match=True P=1.00 R=1.00) spent EUR 15.0674
deepseek-v4-flash journalism_u5_need_db#r4: NEED_MORE_INFO (match=True P=1.00 R=0.50) spent EUR 15.0676
deepseek-v4-flash journalism_u7_trust_only#r4: ALLOW (match=False P=1.00 R=0.00) spent EUR 15.0679
deepseek-v4-flash building_permit_allow#r4: ALLOW (match=True P=1.00 R=1.00) spent EUR 15.0682
deepseek-v4-flash building_permit_allow_via_db#r4: ALLOW (match=True P=1.00 R=1.00) spent EUR 15.0684
deepseek-v4-flash building_permit_deny#r4: DENY (match=True P=1.00 R=1.00) spent EUR 15.0687
deepseek-v4-flash building_permit_deny_incompetent#r4: DENY (match=True P=1.00 R=1.00) spent EUR 15.0690
deepseek-v4-flash building_permit_deny_no_site_study#r4: DENY (match=True P=1.00 R=1.00) spent EUR 15.0693
deepseek-v4-flash building_permit_need_db#r4: NEED_MORE_INFO (match=True P=1.00 R=1.00) spent EUR 15.0696
deepseek-v4-flash building_permit_u3_no_register#r4: NEED_MORE_INFO (match=True P=1.00 R=1.00) spent EUR 15.0699
deepseek-v4-flash building_permit_u7_trust_only#r4: ALLOW (match=False P=1.00 R=0.00) spent EUR 15.0702
deepseek-v4-flash allow#r4: ALLOW (match=True P=1.00 R=1.00) spent EUR 15.0829
deepseek-v4-flash db-then-user#r4: NEED_MORE_INFO (match=True P=1.00 R=1.00) spent EUR 15.0956
deepseek-v4-flash deny#r4: DENY (match=True P=1.00 R=1.00) spent EUR 15.1083
deepseek-v4-flash need-db#r4: NEED_MORE_INFO (match=True P=1.00 R=1.00) spent EUR 15.1210
deepseek-v4-flash need-user#r4: NEED_MORE_INFO (match=True P=1.00 R=1.00) spent EUR 15.1337
deepseek-v4-flash prompt-swap#r4: ALLOW (match=True P=1.00 R=1.00) spent EUR 15.1464
deepseek-v4-flash unrelated-law#r4: ALLOW (match=True P=1.00 R=1.00) spent EUR 15.1506
deepseek-v4-flash civil_service_allow#r5: ALLOW (match=True P=1.00 R=1.00) spent EUR 15.1510
deepseek-v4-flash civil_service_allow_eu_path#r5: ALLOW (match=True P=1.00 R=1.00) spent EUR 15.1513
deepseek-v4-flash civil_service_deny#r5: DENY (match=True P=1.00 R=1.00) spent EUR 15.1517
deepseek-v4-flash civil_service_deny_no_citizenship#r5: DENY (match=True P=1.00 R=1.00) spent EUR 15.1520
deepseek-v4-flash civil_service_need_db#r5: NEED_MORE_INFO (match=True P=1.00 R=1.00) spent EUR 15.1524
deepseek-v4-flash civil_service_u3_no_register#r5: NEED_MORE_INFO (match=True P=1.00 R=1.00) spent EUR 15.1528
deepseek-v4-flash civil_service_u7_trust_only#r5: ALLOW (match=False P=1.00 R=0.00) spent EUR 15.1531
deepseek-v4-flash civil_service_u8_need_user#r5: NEED_MORE_INFO (match=True P=1.00 R=1.00) spent EUR 15.1534
deepseek-v4-flash consumer_withdrawal_allow#r5: ALLOW (match=True P=1.00 R=1.00) spent EUR 15.1538
deepseek-v4-flash consumer_withdrawal_allow_via_db#r5: ALLOW (match=True P=1.00 R=1.00) spent EUR 15.1541
deepseek-v4-flash consumer_withdrawal_deny#r5: DENY (match=True P=1.00 R=1.00) spent EUR 15.1544
deepseek-v4-flash consumer_withdrawal_deny_not_consumer#r5: DENY (match=True P=1.00 R=1.00) spent EUR 15.1547
deepseek-v4-flash consumer_withdrawal_need_user#r5: NEED_MORE_INFO (match=True P=1.00 R=1.00) spent EUR 15.1550
deepseek-v4-flash consumer_withdrawal_u3_no_register#r5: NEED_MORE_INFO (match=True P=1.00 R=1.00) spent EUR 15.1554
deepseek-v4-flash consumer_withdrawal_u5_need_db#r5: NEED_MORE_INFO (match=True P=1.00 R=1.00) spent EUR 15.1557
deepseek-v4-flash consumer_withdrawal_u7_trust_only#r5: ALLOW (match=False P=1.00 R=0.00) spent EUR 15.1560
deepseek-v4-flash land_tax_allow#r5: ALLOW (match=True P=1.00 R=1.00) spent EUR 15.1563
deepseek-v4-flash land_tax_allow_pensioner#r5: ALLOW (match=True P=1.00 R=1.00) spent EUR 15.1567
deepseek-v4-flash land_tax_allow_via_db#r5: ALLOW (match=True P=1.00 R=1.00) spent EUR 15.1570
deepseek-v4-flash land_tax_deny#r5: DENY (match=True P=1.00 R=1.00) spent EUR 15.1574
deepseek-v4-flash land_tax_deny_not_residential#r5: DENY (match=True P=1.00 R=1.00) spent EUR 15.1577
deepseek-v4-flash land_tax_need_db#r5: NEED_MORE_INFO (match=True P=1.00 R=1.00) spent EUR 15.1580
deepseek-v4-flash land_tax_u3_no_register#r5: NEED_MORE_INFO (match=True P=1.00 R=1.00) spent EUR 15.1584
deepseek-v4-flash land_tax_u7_trust_only#r5: DENY (match=False P=1.00 R=0.00) spent EUR 15.1588
deepseek-v4-flash journalism_allow#r5: ALLOW (match=True P=1.00 R=1.00) spent EUR 15.1590
deepseek-v4-flash journalism_allow_via_consent#r5: ALLOW (match=True P=1.00 R=1.00) spent EUR 15.1593
deepseek-v4-flash journalism_deny#r5: DENY (match=True P=1.00 R=1.00) spent EUR 15.1595
deepseek-v4-flash journalism_deny_no_basis#r5: DENY (match=True P=1.00 R=1.00) spent EUR 15.1598
deepseek-v4-flash journalism_need_user#r5: NEED_MORE_INFO (match=True P=0.67 R=1.00) spent EUR 15.1601
deepseek-v4-flash journalism_u3_no_register#r5: NEED_MORE_INFO (match=True P=1.00 R=1.00) spent EUR 15.1603
deepseek-v4-flash journalism_u5_need_db#r5: NEED_MORE_INFO (match=True P=1.00 R=0.50) spent EUR 15.1606
deepseek-v4-flash journalism_u7_trust_only#r5: ALLOW (match=False P=1.00 R=0.00) spent EUR 15.1609
deepseek-v4-flash building_permit_allow#r5: ALLOW (match=True P=1.00 R=1.00) spent EUR 15.1612
deepseek-v4-flash building_permit_allow_via_db#r5: ALLOW (match=True P=1.00 R=1.00) spent EUR 15.1615
deepseek-v4-flash building_permit_deny#r5: DENY (match=True P=1.00 R=1.00) spent EUR 15.1617
deepseek-v4-flash building_permit_deny_incompetent#r5: DENY (match=True P=1.00 R=1.00) spent EUR 15.1620
deepseek-v4-flash building_permit_deny_no_site_study#r5: DENY (match=True P=1.00 R=1.00) spent EUR 15.1624
deepseek-v4-flash building_permit_need_db#r5: NEED_MORE_INFO (match=True P=1.00 R=1.00) spent EUR 15.1626
deepseek-v4-flash building_permit_u3_no_register#r5: NEED_MORE_INFO (match=True P=1.00 R=1.00) spent EUR 15.1629
deepseek-v4-flash building_permit_u7_trust_only#r5: ALLOW (match=False P=1.00 R=0.00) spent EUR 15.1632
deepseek-v4-flash allow#r5: ALLOW (match=True P=1.00 R=1.00) spent EUR 15.1759
deepseek-v4-flash db-then-user#r5: NEED_MORE_INFO (match=True P=1.00 R=1.00) spent EUR 15.1886
deepseek-v4-flash deny#r5: DENY (match=True P=1.00 R=1.00) spent EUR 15.2013
deepseek-v4-flash need-db#r5: NEED_MORE_INFO (match=True P=1.00 R=1.00) spent EUR 15.2141
deepseek-v4-flash need-user#r5: NEED_MORE_INFO (match=True P=1.00 R=1.00) spent EUR 15.2268
deepseek-v4-flash prompt-swap#r5: ALLOW (match=True P=1.00 R=1.00) spent EUR 15.2395
deepseek-v4-flash unrelated-law#r5: ALLOW (match=True P=1.00 R=1.00) spent EUR 15.2437
deepseek-v4-flash civil_service_allow#r6: ALLOW (match=True P=1.00 R=1.00) spent EUR 15.2440
deepseek-v4-flash civil_service_allow_eu_path#r6: ALLOW (match=True P=1.00 R=1.00) spent EUR 15.2444
deepseek-v4-flash civil_service_deny#r6: DENY (match=True P=1.00 R=1.00) spent EUR 15.2447
deepseek-v4-flash civil_service_deny_no_citizenship#r6: DENY (match=True P=1.00 R=1.00) spent EUR 15.2451
deepseek-v4-flash civil_service_need_db#r6: NEED_MORE_INFO (match=True P=1.00 R=1.00) spent EUR 15.2454
deepseek-v4-flash civil_service_u3_no_register#r6: NEED_MORE_INFO (match=True P=1.00 R=1.00) spent EUR 15.2458
deepseek-v4-flash civil_service_u7_trust_only#r6: ALLOW (match=False P=1.00 R=0.00) spent EUR 15.2462
deepseek-v4-flash civil_service_u8_need_user#r6: NEED_MORE_INFO (match=True P=1.00 R=1.00) spent EUR 15.2465
deepseek-v4-flash consumer_withdrawal_allow#r6: ALLOW (match=True P=1.00 R=1.00) spent EUR 15.2468
deepseek-v4-flash consumer_withdrawal_allow_via_db#r6: ALLOW (match=True P=1.00 R=1.00) spent EUR 15.2471
deepseek-v4-flash consumer_withdrawal_deny#r6: DENY (match=True P=1.00 R=1.00) spent EUR 15.2475
deepseek-v4-flash consumer_withdrawal_deny_not_consumer#r6: DENY (match=True P=1.00 R=1.00) spent EUR 15.2478
deepseek-v4-flash consumer_withdrawal_need_user#r6: NEED_MORE_INFO (match=True P=1.00 R=1.00) spent EUR 15.2481
deepseek-v4-flash consumer_withdrawal_u3_no_register#r6: NEED_MORE_INFO (match=True P=1.00 R=1.00) spent EUR 15.2484
deepseek-v4-flash consumer_withdrawal_u5_need_db#r6: NEED_MORE_INFO (match=True P=1.00 R=1.00) spent EUR 15.2487
deepseek-v4-flash consumer_withdrawal_u7_trust_only#r6: ALLOW (match=False P=1.00 R=0.00) spent EUR 15.2491
deepseek-v4-flash land_tax_allow#r6: ALLOW (match=True P=1.00 R=1.00) spent EUR 15.2494
deepseek-v4-flash land_tax_allow_pensioner#r6: ALLOW (match=True P=1.00 R=1.00) spent EUR 15.2498
deepseek-v4-flash land_tax_allow_via_db#r6: ALLOW (match=True P=1.00 R=1.00) spent EUR 15.2501
deepseek-v4-flash land_tax_deny#r6: DENY (match=True P=1.00 R=1.00) spent EUR 15.2505
deepseek-v4-flash land_tax_deny_not_residential#r6: DENY (match=True P=1.00 R=1.00) spent EUR 15.2508
deepseek-v4-flash land_tax_need_db#r6: NEED_MORE_INFO (match=True P=1.00 R=1.00) spent EUR 15.2511
deepseek-v4-flash land_tax_u3_no_register#r6: NEED_MORE_INFO (match=True P=1.00 R=1.00) spent EUR 15.2514
deepseek-v4-flash land_tax_u7_trust_only#r6: DENY (match=False P=1.00 R=0.00) spent EUR 15.2518
deepseek-v4-flash journalism_allow#r6: ALLOW (match=True P=1.00 R=1.00) spent EUR 15.2521
deepseek-v4-flash journalism_allow_via_consent#r6: ALLOW (match=True P=1.00 R=1.00) spent EUR 15.2523
deepseek-v4-flash journalism_deny#r6: DENY (match=True P=1.00 R=1.00) spent EUR 15.2526
deepseek-v4-flash journalism_deny_no_basis#r6: DENY (match=True P=1.00 R=1.00) spent EUR 15.2528
deepseek-v4-flash journalism_need_user#r6: NEED_MORE_INFO (match=True P=1.00 R=1.00) spent EUR 15.2531
deepseek-v4-flash journalism_u3_no_register#r6: NEED_MORE_INFO (match=True P=1.00 R=1.00) spent EUR 15.2534
deepseek-v4-flash journalism_u5_need_db#r6: NEED_MORE_INFO (match=True P=1.00 R=0.50) spent EUR 15.2536
deepseek-v4-flash journalism_u7_trust_only#r6: ALLOW (match=False P=1.00 R=0.00) spent EUR 15.2539
deepseek-v4-flash building_permit_allow#r6: ALLOW (match=True P=1.00 R=1.00) spent EUR 15.2542
deepseek-v4-flash building_permit_allow_via_db#r6: ALLOW (match=True P=1.00 R=1.00) spent EUR 15.2544
deepseek-v4-flash building_permit_deny#r6: DENY (match=True P=1.00 R=1.00) spent EUR 15.2547
deepseek-v4-flash building_permit_deny_incompetent#r6: DENY (match=True P=1.00 R=1.00) spent EUR 15.2550
deepseek-v4-flash building_permit_deny_no_site_study#r6: DENY (match=True P=1.00 R=1.00) spent EUR 15.2553
deepseek-v4-flash building_permit_need_db#r6: NEED_MORE_INFO (match=True P=1.00 R=1.00) spent EUR 15.2556
deepseek-v4-flash building_permit_u3_no_register#r6: NEED_MORE_INFO (match=True P=1.00 R=1.00) spent EUR 15.2559
deepseek-v4-flash building_permit_u7_trust_only#r6: ALLOW (match=False P=1.00 R=0.00) spent EUR 15.2562
deepseek-v4-flash allow#r6: ALLOW (match=True P=1.00 R=1.00) spent EUR 15.2689
deepseek-v4-flash db-then-user#r6: NEED_MORE_INFO (match=True P=1.00 R=1.00) spent EUR 15.2816
deepseek-v4-flash deny#r6: DENY (match=True P=1.00 R=1.00) spent EUR 15.2943
deepseek-v4-flash need-db#r6: NEED_MORE_INFO (match=True P=1.00 R=1.00) spent EUR 15.3070
deepseek-v4-flash need-user#r6: NEED_MORE_INFO (match=True P=1.00 R=1.00) spent EUR 15.3197
deepseek-v4-flash prompt-swap#r6: ALLOW (match=True P=1.00 R=1.00) spent EUR 15.3324
deepseek-v4-flash unrelated-law#r6: ALLOW (match=True P=1.00 R=1.00) spent EUR 15.3366
deepseek-v4-flash civil_service_allow#r7: ALLOW (match=True P=1.00 R=1.00) spent EUR 15.3370
deepseek-v4-flash civil_service_allow_eu_path#r7: ALLOW (match=True P=1.00 R=1.00) spent EUR 15.3373
deepseek-v4-flash civil_service_deny#r7: DENY (match=True P=1.00 R=1.00) spent EUR 15.3377
deepseek-v4-flash civil_service_deny_no_citizenship#r7: DENY (match=True P=1.00 R=1.00) spent EUR 15.3380
deepseek-v4-flash civil_service_need_db#r7: NEED_MORE_INFO (match=True P=1.00 R=1.00) spent EUR 15.3384
deepseek-v4-flash civil_service_u3_no_register#r7: NEED_MORE_INFO (match=True P=1.00 R=1.00) spent EUR 15.3387
deepseek-v4-flash civil_service_u7_trust_only#r7: ALLOW (match=False P=1.00 R=0.00) spent EUR 15.3391
deepseek-v4-flash civil_service_u8_need_user#r7: NEED_MORE_INFO (match=True P=1.00 R=1.00) spent EUR 15.3394
deepseek-v4-flash consumer_withdrawal_allow#r7: ALLOW (match=True P=1.00 R=1.00) spent EUR 15.3398
deepseek-v4-flash consumer_withdrawal_allow_via_db#r7: ALLOW (match=True P=1.00 R=1.00) spent EUR 15.3401
deepseek-v4-flash consumer_withdrawal_deny#r7: DENY (match=True P=1.00 R=1.00) spent EUR 15.3404
deepseek-v4-flash consumer_withdrawal_deny_not_consumer#r7: DENY (match=True P=1.00 R=1.00) spent EUR 15.3407
deepseek-v4-flash consumer_withdrawal_need_user#r7: NEED_MORE_INFO (match=True P=1.00 R=1.00) spent EUR 15.3410
deepseek-v4-flash consumer_withdrawal_u3_no_register#r7: NEED_MORE_INFO (match=True P=1.00 R=1.00) spent EUR 15.3414
deepseek-v4-flash consumer_withdrawal_u5_need_db#r7: NEED_MORE_INFO (match=True P=1.00 R=1.00) spent EUR 15.3417
deepseek-v4-flash consumer_withdrawal_u7_trust_only#r7: ALLOW (match=False P=1.00 R=0.00) spent EUR 15.3420
deepseek-v4-flash land_tax_allow#r7: ALLOW (match=True P=1.00 R=1.00) spent EUR 15.3423
deepseek-v4-flash land_tax_allow_pensioner#r7: ALLOW (match=True P=1.00 R=1.00) spent EUR 15.3427
deepseek-v4-flash land_tax_allow_via_db#r7: ALLOW (match=True P=1.00 R=1.00) spent EUR 15.3430
deepseek-v4-flash land_tax_deny#r7: DENY (match=True P=1.00 R=1.00) spent EUR 15.3434
deepseek-v4-flash land_tax_deny_not_residential#r7: DENY (match=True P=1.00 R=1.00) spent EUR 15.3437
deepseek-v4-flash land_tax_need_db#r7: NEED_MORE_INFO (match=True P=1.00 R=1.00) spent EUR 15.3440
deepseek-v4-flash land_tax_u3_no_register#r7: NEED_MORE_INFO (match=True P=1.00 R=1.00) spent EUR 15.3444
deepseek-v4-flash land_tax_u7_trust_only#r7: DENY (match=False P=1.00 R=0.00) spent EUR 15.3447
deepseek-v4-flash journalism_allow#r7: ALLOW (match=True P=1.00 R=1.00) spent EUR 15.3450
deepseek-v4-flash journalism_allow_via_consent#r7: ALLOW (match=True P=1.00 R=1.00) spent EUR 15.3452
deepseek-v4-flash journalism_deny#r7: DENY (match=True P=1.00 R=1.00) spent EUR 15.3455
deepseek-v4-flash journalism_deny_no_basis#r7: DENY (match=True P=1.00 R=1.00) spent EUR 15.3458
deepseek-v4-flash journalism_need_user#r7: NEED_MORE_INFO (match=True P=1.00 R=1.00) spent EUR 15.3460
deepseek-v4-flash journalism_u3_no_register#r7: NEED_MORE_INFO (match=True P=1.00 R=1.00) spent EUR 15.3463
deepseek-v4-flash journalism_u5_need_db#r7: NEED_MORE_INFO (match=True P=1.00 R=0.50) spent EUR 15.3465
deepseek-v4-flash journalism_u7_trust_only#r7: ALLOW (match=False P=1.00 R=0.00) spent EUR 15.3468
deepseek-v4-flash building_permit_allow#r7: ALLOW (match=True P=1.00 R=1.00) spent EUR 15.3471
deepseek-v4-flash building_permit_allow_via_db#r7: ALLOW (match=True P=1.00 R=1.00) spent EUR 15.3474
deepseek-v4-flash building_permit_deny#r7: DENY (match=True P=1.00 R=1.00) spent EUR 15.3476
deepseek-v4-flash building_permit_deny_incompetent#r7: DENY (match=True P=1.00 R=1.00) spent EUR 15.3479
deepseek-v4-flash building_permit_deny_no_site_study#r7: DENY (match=True P=1.00 R=1.00) spent EUR 15.3483
deepseek-v4-flash building_permit_need_db#r7: NEED_MORE_INFO (match=True P=1.00 R=1.00) spent EUR 15.3486
deepseek-v4-flash building_permit_u3_no_register#r7: NEED_MORE_INFO (match=True P=1.00 R=1.00) spent EUR 15.3489
deepseek-v4-flash building_permit_u7_trust_only#r7: ALLOW (match=False P=1.00 R=0.00) spent EUR 15.3491
deepseek-v4-flash allow#r7: ALLOW (match=True P=1.00 R=1.00) spent EUR 15.3618
deepseek-v4-flash db-then-user#r7: NEED_MORE_INFO (match=True P=1.00 R=1.00) spent EUR 15.3746
deepseek-v4-flash deny#r7: DENY (match=True P=1.00 R=1.00) spent EUR 15.3873
deepseek-v4-flash need-db#r7: NEED_MORE_INFO (match=True P=1.00 R=1.00) spent EUR 15.4000
deepseek-v4-flash need-user#r7: NEED_MORE_INFO (match=True P=1.00 R=1.00) spent EUR 15.4127
deepseek-v4-flash prompt-swap#r7: ALLOW (match=True P=1.00 R=1.00) spent EUR 15.4254
deepseek-v4-flash unrelated-law#r7: ALLOW (match=True P=1.00 R=1.00) spent EUR 15.4296
deepseek-v4-flash civil_service_allow#r8: ALLOW (match=True P=1.00 R=1.00) spent EUR 15.4300
deepseek-v4-flash civil_service_allow_eu_path#r8: ALLOW (match=True P=1.00 R=1.00) spent EUR 15.4303
deepseek-v4-flash civil_service_deny#r8: DENY (match=True P=1.00 R=1.00) spent EUR 15.4307
deepseek-v4-flash civil_service_deny_no_citizenship#r8: DENY (match=True P=1.00 R=1.00) spent EUR 15.4310
deepseek-v4-flash civil_service_need_db#r8: NEED_MORE_INFO (match=True P=1.00 R=1.00) spent EUR 15.4314
deepseek-v4-flash civil_service_u3_no_register#r8: NEED_MORE_INFO (match=True P=1.00 R=1.00) spent EUR 15.4317
deepseek-v4-flash civil_service_u7_trust_only#r8: ALLOW (match=False P=1.00 R=0.00) spent EUR 15.4321
deepseek-v4-flash civil_service_u8_need_user#r8: NEED_MORE_INFO (match=True P=1.00 R=1.00) spent EUR 15.4324
deepseek-v4-flash consumer_withdrawal_allow#r8: ALLOW (match=True P=1.00 R=1.00) spent EUR 15.4328
deepseek-v4-flash consumer_withdrawal_allow_via_db#r8: ALLOW (match=True P=1.00 R=1.00) spent EUR 15.4331
deepseek-v4-flash consumer_withdrawal_deny#r8: DENY (match=True P=1.00 R=1.00) spent EUR 15.4334
deepseek-v4-flash consumer_withdrawal_deny_not_consumer#r8: DENY (match=True P=1.00 R=1.00) spent EUR 15.4337
deepseek-v4-flash consumer_withdrawal_need_user#r8: NEED_MORE_INFO (match=True P=1.00 R=1.00) spent EUR 15.4340
deepseek-v4-flash consumer_withdrawal_u3_no_register#r8: NEED_MORE_INFO (match=True P=1.00 R=1.00) spent EUR 15.4343
deepseek-v4-flash consumer_withdrawal_u5_need_db#r8: NEED_MORE_INFO (match=True P=1.00 R=1.00) spent EUR 15.4347
deepseek-v4-flash consumer_withdrawal_u7_trust_only#r8: ALLOW (match=False P=1.00 R=0.00) spent EUR 15.4350
deepseek-v4-flash land_tax_allow#r8: ALLOW (match=True P=1.00 R=1.00) spent EUR 15.4353
deepseek-v4-flash land_tax_allow_pensioner#r8: ALLOW (match=True P=1.00 R=1.00) spent EUR 15.4357
deepseek-v4-flash land_tax_allow_via_db#r8: ALLOW (match=True P=1.00 R=1.00) spent EUR 15.4360
deepseek-v4-flash land_tax_deny#r8: DENY (match=True P=1.00 R=1.00) spent EUR 15.4364
deepseek-v4-flash land_tax_deny_not_residential#r8: DENY (match=True P=1.00 R=1.00) spent EUR 15.4367
deepseek-v4-flash land_tax_need_db#r8: NEED_MORE_INFO (match=True P=1.00 R=1.00) spent EUR 15.4370
deepseek-v4-flash land_tax_u3_no_register#r8: NEED_MORE_INFO (match=True P=1.00 R=1.00) spent EUR 15.4374
deepseek-v4-flash land_tax_u7_trust_only#r8: DENY (match=False P=1.00 R=0.00) spent EUR 15.4378
deepseek-v4-flash journalism_allow#r8: ALLOW (match=True P=1.00 R=1.00) spent EUR 15.4380
deepseek-v4-flash journalism_allow_via_consent#r8: ALLOW (match=True P=1.00 R=1.00) spent EUR 15.4383
deepseek-v4-flash journalism_deny#r8: DENY (match=True P=1.00 R=1.00) spent EUR 15.4385
deepseek-v4-flash journalism_deny_no_basis#r8: DENY (match=True P=1.00 R=1.00) spent EUR 15.4388
deepseek-v4-flash journalism_need_user#r8: NEED_MORE_INFO (match=True P=0.67 R=1.00) spent EUR 15.4391
deepseek-v4-flash journalism_u3_no_register#r8: NEED_MORE_INFO (match=True P=1.00 R=1.00) spent EUR 15.4393
deepseek-v4-flash journalism_u5_need_db#r8: NEED_MORE_INFO (match=True P=1.00 R=0.50) spent EUR 15.4396
deepseek-v4-flash journalism_u7_trust_only#r8: ALLOW (match=False P=1.00 R=0.00) spent EUR 15.4398
deepseek-v4-flash building_permit_allow#r8: ALLOW (match=True P=1.00 R=1.00) spent EUR 15.4401
deepseek-v4-flash building_permit_allow_via_db#r8: ALLOW (match=True P=1.00 R=1.00) spent EUR 15.4404
deepseek-v4-flash building_permit_deny#r8: DENY (match=True P=1.00 R=1.00) spent EUR 15.4407
deepseek-v4-flash building_permit_deny_incompetent#r8: DENY (match=True P=1.00 R=1.00) spent EUR 15.4410
deepseek-v4-flash building_permit_deny_no_site_study#r8: DENY (match=True P=1.00 R=1.00) spent EUR 15.4413
deepseek-v4-flash building_permit_need_db#r8: NEED_MORE_INFO (match=True P=1.00 R=1.00) spent EUR 15.4416
deepseek-v4-flash building_permit_u3_no_register#r8: NEED_MORE_INFO (match=True P=1.00 R=1.00) spent EUR 15.4419
deepseek-v4-flash building_permit_u7_trust_only#r8: ALLOW (match=False P=1.00 R=0.00) spent EUR 15.4422
deepseek-v4-flash allow#r8: ALLOW (match=True P=1.00 R=1.00) spent EUR 15.4549
deepseek-v4-flash db-then-user#r8: NEED_MORE_INFO (match=True P=1.00 R=1.00) spent EUR 15.4676
deepseek-v4-flash deny#r8: DENY (match=True P=1.00 R=1.00) spent EUR 15.4803
deepseek-v4-flash need-db#r8: NEED_MORE_INFO (match=True P=1.00 R=1.00) spent EUR 15.4930
deepseek-v4-flash need-user#r8: NEED_MORE_INFO (match=True P=1.00 R=1.00) spent EUR 15.5057
deepseek-v4-flash prompt-swap#r8: ALLOW (match=True P=1.00 R=1.00) spent EUR 15.5184
deepseek-v4-flash unrelated-law#r8: ALLOW (match=True P=1.00 R=1.00) spent EUR 15.5226
deepseek-v4-flash civil_service_allow#r9: ALLOW (match=True P=1.00 R=1.00) spent EUR 15.5229
deepseek-v4-flash civil_service_allow_eu_path#r9: ALLOW (match=True P=1.00 R=1.00) spent EUR 15.5233
deepseek-v4-flash civil_service_deny#r9: DENY (match=True P=1.00 R=1.00) spent EUR 15.5237
deepseek-v4-flash civil_service_deny_no_citizenship#r9: DENY (match=True P=1.00 R=1.00) spent EUR 15.5240
deepseek-v4-flash civil_service_need_db#r9: NEED_MORE_INFO (match=True P=1.00 R=1.00) spent EUR 15.5243
deepseek-v4-flash civil_service_u3_no_register#r9: NEED_MORE_INFO (match=True P=1.00 R=1.00) spent EUR 15.5247
deepseek-v4-flash civil_service_u7_trust_only#r9: ALLOW (match=False P=1.00 R=0.00) spent EUR 15.5251
deepseek-v4-flash civil_service_u8_need_user#r9: NEED_MORE_INFO (match=True P=1.00 R=1.00) spent EUR 15.5254
deepseek-v4-flash consumer_withdrawal_allow#r9: ALLOW (match=True P=1.00 R=1.00) spent EUR 15.5257
deepseek-v4-flash consumer_withdrawal_allow_via_db#r9: ALLOW (match=True P=1.00 R=1.00) spent EUR 15.5261
deepseek-v4-flash consumer_withdrawal_deny#r9: DENY (match=True P=1.00 R=1.00) spent EUR 15.5264
deepseek-v4-flash consumer_withdrawal_deny_not_consumer#r9: DENY (match=True P=1.00 R=1.00) spent EUR 15.5267
deepseek-v4-flash consumer_withdrawal_need_user#r9: NEED_MORE_INFO (match=True P=1.00 R=1.00) spent EUR 15.5270
deepseek-v4-flash consumer_withdrawal_u3_no_register#r9: NEED_MORE_INFO (match=True P=1.00 R=1.00) spent EUR 15.5273
deepseek-v4-flash consumer_withdrawal_u5_need_db#r9: NEED_MORE_INFO (match=True P=1.00 R=1.00) spent EUR 15.5276
deepseek-v4-flash consumer_withdrawal_u7_trust_only#r9: ALLOW (match=False P=1.00 R=0.00) spent EUR 15.5280
deepseek-v4-flash land_tax_allow#r9: ALLOW (match=True P=1.00 R=1.00) spent EUR 15.5283
deepseek-v4-flash land_tax_allow_pensioner#r9: ALLOW (match=True P=1.00 R=1.00) spent EUR 15.5287
deepseek-v4-flash land_tax_allow_via_db#r9: ALLOW (match=True P=1.00 R=1.00) spent EUR 15.5290
deepseek-v4-flash land_tax_deny#r9: DENY (match=True P=1.00 R=1.00) spent EUR 15.5294
deepseek-v4-flash land_tax_deny_not_residential#r9: DENY (match=True P=1.00 R=1.00) spent EUR 15.5297
deepseek-v4-flash land_tax_need_db#r9: NEED_MORE_INFO (match=True P=1.00 R=1.00) spent EUR 15.5300
deepseek-v4-flash land_tax_u3_no_register#r9: NEED_MORE_INFO (match=True P=1.00 R=1.00) spent EUR 15.5304
deepseek-v4-flash land_tax_u7_trust_only#r9: DENY (match=False P=1.00 R=0.00) spent EUR 15.5307
deepseek-v4-flash journalism_allow#r9: ALLOW (match=True P=1.00 R=1.00) spent EUR 15.5310
deepseek-v4-flash journalism_allow_via_consent#r9: ALLOW (match=True P=1.00 R=1.00) spent EUR 15.5312
deepseek-v4-flash journalism_deny#r9: DENY (match=True P=1.00 R=1.00) spent EUR 15.5315
deepseek-v4-flash journalism_deny_no_basis#r9: DENY (match=True P=1.00 R=1.00) spent EUR 15.5318
deepseek-v4-flash journalism_need_user#r9: NEED_MORE_INFO (match=True P=1.00 R=1.00) spent EUR 15.5320
deepseek-v4-flash journalism_u3_no_register#r9: NEED_MORE_INFO (match=True P=1.00 R=1.00) spent EUR 15.5323
deepseek-v4-flash journalism_u5_need_db#r9: NEED_MORE_INFO (match=True P=1.00 R=0.50) spent EUR 15.5325
deepseek-v4-flash journalism_u7_trust_only#r9: ALLOW (match=False P=1.00 R=0.00) spent EUR 15.5328
deepseek-v4-flash building_permit_allow#r9: ALLOW (match=True P=1.00 R=1.00) spent EUR 15.5331
deepseek-v4-flash building_permit_allow_via_db#r9: ALLOW (match=True P=1.00 R=1.00) spent EUR 15.5333
deepseek-v4-flash building_permit_deny#r9: DENY (match=True P=1.00 R=1.00) spent EUR 15.5336
deepseek-v4-flash building_permit_deny_incompetent#r9: DENY (match=True P=1.00 R=1.00) spent EUR 15.5339
deepseek-v4-flash building_permit_deny_no_site_study#r9: DENY (match=True P=1.00 R=1.00) spent EUR 15.5342
deepseek-v4-flash building_permit_need_db#r9: NEED_MORE_INFO (match=True P=1.00 R=1.00) spent EUR 15.5345
deepseek-v4-flash building_permit_u3_no_register#r9: NEED_MORE_INFO (match=True P=1.00 R=1.00) spent EUR 15.5348
deepseek-v4-flash building_permit_u7_trust_only#r9: ALLOW (match=False P=1.00 R=0.00) spent EUR 15.5351
deepseek-v4-flash allow#r9: ALLOW (match=True P=1.00 R=1.00) spent EUR 15.5478
deepseek-v4-flash db-then-user#r9: NEED_MORE_INFO (match=True P=1.00 R=1.00) spent EUR 15.5605
deepseek-v4-flash deny#r9: DENY (match=True P=1.00 R=1.00) spent EUR 15.5732
deepseek-v4-flash need-db#r9: NEED_MORE_INFO (match=True P=1.00 R=1.00) spent EUR 15.5859
deepseek-v4-flash need-user#r9: NEED_MORE_INFO (match=True P=1.00 R=1.00) spent EUR 15.5986
deepseek-v4-flash prompt-swap#r9: ALLOW (match=True P=1.00 R=1.00) spent EUR 15.6113
deepseek-v4-flash unrelated-law#r9: ALLOW (match=True P=1.00 R=1.00) spent EUR 15.6155
Direct use of automatic function calling (AFC) in Models.generate_content is not recommended. Instead, we recommend to use AFC in Chat.send_message. Similarly, direct use of AFC in Models.generate_content_stream is not recommended. Instead, we recommend to use AFC in Chat.send_message_stream.
gemini-2.5-flash civil_service_allow#r0: ALLOW (match=True P=1.00 R=1.00) spent EUR 15.6159
gemini-2.5-flash civil_service_allow_eu_path#r0: ALLOW (match=True P=1.00 R=1.00) spent EUR 15.6163
gemini-2.5-flash civil_service_deny#r0: DENY (match=True P=1.00 R=1.00) spent EUR 15.6168
gemini-2.5-flash civil_service_deny_no_citizenship#r0: DENY (match=True P=1.00 R=1.00) spent EUR 15.6173
gemini-2.5-flash civil_service_need_db#r0: NEED_MORE_INFO (match=True P=1.00 R=1.00) spent EUR 15.6178
gemini-2.5-flash civil_service_u3_no_register#r0: NEED_MORE_INFO (match=True P=1.00 R=1.00) spent EUR 15.6183
gemini-2.5-flash civil_service_u7_trust_only#r0: ALLOW (match=False P=1.00 R=0.00) spent EUR 15.6187
gemini-2.5-flash civil_service_u8_need_user#r0: NEED_MORE_INFO (match=True P=1.00 R=1.00) spent EUR 15.6192
gemini-2.5-flash consumer_withdrawal_allow#r0: ALLOW (match=True P=1.00 R=1.00) spent EUR 15.6196
gemini-2.5-flash consumer_withdrawal_allow_via_db#r0: ALLOW (match=True P=1.00 R=1.00) spent EUR 15.6200
gemini-2.5-flash consumer_withdrawal_deny#r0: DENY (match=True P=1.00 R=1.00) spent EUR 15.6204
gemini-2.5-flash consumer_withdrawal_deny_not_consumer#r0: DENY (match=True P=1.00 R=1.00) spent EUR 15.6210
gemini-2.5-flash consumer_withdrawal_need_user#r0: NEED_MORE_INFO (match=True P=1.00 R=1.00) spent EUR 15.6215
gemini-2.5-flash consumer_withdrawal_u3_no_register#r0: NEED_MORE_INFO (match=True P=1.00 R=1.00) spent EUR 15.6219
gemini-2.5-flash consumer_withdrawal_u5_need_db#r0: NEED_MORE_INFO (match=True P=1.00 R=1.00) spent EUR 15.6224
gemini-2.5-flash consumer_withdrawal_u7_trust_only#r0: ALLOW (match=False P=1.00 R=0.00) spent EUR 15.6228
Transient gemini error (attempt 1/5), retrying in 2.5s: 503 UNAVAILABLE. {'error': {'code': 503, 'message': 'This model is currently experiencing high demand. Spikes in demand are usually temporary. Please try again later.', 'status': 'UNAVAILABLE'}}
gemini-2.5-flash land_tax_allow#r0: ALLOW (match=True P=1.00 R=1.00) spent EUR 15.6233
gemini-2.5-flash land_tax_allow_pensioner#r0: ALLOW (match=True P=1.00 R=1.00) spent EUR 15.6237
gemini-2.5-flash land_tax_allow_via_db#r0: ALLOW (match=True P=1.00 R=1.00) spent EUR 15.6242
gemini-2.5-flash land_tax_deny#r0: DENY (match=True P=1.00 R=1.00) spent EUR 15.6246
gemini-2.5-flash land_tax_deny_not_residential#r0: DENY (match=True P=1.00 R=1.00) spent EUR 15.6250
gemini-2.5-flash land_tax_need_db#r0: NEED_MORE_INFO (match=True P=1.00 R=1.00) spent EUR 15.6256
gemini-2.5-flash land_tax_u3_no_register#r0: NEED_MORE_INFO (match=True P=1.00 R=1.00) spent EUR 15.6261
gemini-2.5-flash land_tax_u7_trust_only#r0: ALLOW (match=False P=1.00 R=0.00) spent EUR 15.6266
gemini-2.5-flash journalism_allow#r0: ALLOW (match=True P=1.00 R=1.00) spent EUR 15.6270
gemini-2.5-flash journalism_allow_via_consent#r0: ALLOW (match=True P=1.00 R=1.00) spent EUR 15.6273
gemini-2.5-flash journalism_deny#r0: DENY (match=True P=1.00 R=1.00) spent EUR 15.6277
gemini-2.5-flash journalism_deny_no_basis#r0: DENY (match=True P=1.00 R=1.00) spent EUR 15.6281
gemini-2.5-flash journalism_need_user#r0: NEED_MORE_INFO (match=True P=0.67 R=1.00) spent EUR 15.6287
gemini-2.5-flash journalism_u3_no_register#r0: NEED_MORE_INFO (match=True P=1.00 R=1.00) spent EUR 15.6291
gemini-2.5-flash journalism_u5_need_db#r0: NEED_MORE_INFO (match=True P=1.00 R=1.00) spent EUR 15.6295
gemini-2.5-flash journalism_u7_trust_only#r0: ALLOW (match=False P=1.00 R=0.00) spent EUR 15.6299
gemini-2.5-flash building_permit_allow#r0: ALLOW (match=True P=1.00 R=1.00) spent EUR 15.6302
gemini-2.5-flash building_permit_allow_via_db#r0: ALLOW (match=True P=1.00 R=1.00) spent EUR 15.6306
gemini-2.5-flash building_permit_deny#r0: DENY (match=True P=1.00 R=1.00) spent EUR 15.6310
gemini-2.5-flash building_permit_deny_incompetent#r0: DENY (match=True P=1.00 R=1.00) spent EUR 15.6314
gemini-2.5-flash building_permit_deny_no_site_study#r0: DENY (match=True P=1.00 R=1.00) spent EUR 15.6319
gemini-2.5-flash building_permit_need_db#r0: NEED_MORE_INFO (match=True P=1.00 R=1.00) spent EUR 15.6323
gemini-2.5-flash building_permit_u3_no_register#r0: NEED_MORE_INFO (match=True P=1.00 R=1.00) spent EUR 15.6327
gemini-2.5-flash building_permit_u7_trust_only#r0: ALLOW (match=False P=1.00 R=0.00) spent EUR 15.6331
gemini-2.5-flash allow#r0: ALLOW (match=True P=1.00 R=1.00) spent EUR 15.6484
gemini-2.5-flash db-then-user#r0: NEED_MORE_INFO (match=True P=1.00 R=1.00) spent EUR 15.6638
gemini-2.5-flash deny#r0: DENY (match=True P=1.00 R=1.00) spent EUR 15.6791
gemini-2.5-flash need-db#r0: NEED_MORE_INFO (match=True P=1.00 R=1.00) spent EUR 15.6944
gemini-2.5-flash need-user#r0: NEED_MORE_INFO (match=True P=1.00 R=1.00) spent EUR 15.7098
gemini-2.5-flash prompt-swap#r0: ALLOW (match=True P=1.00 R=1.00) spent EUR 15.7251
gemini-2.5-flash unrelated-law#r0: ALLOW (match=True P=1.00 R=1.00) spent EUR 15.7303
gemini-2.5-flash civil_service_allow#r1: ALLOW (match=True P=1.00 R=1.00) spent EUR 15.7308
gemini-2.5-flash civil_service_allow_eu_path#r1: ALLOW (match=True P=1.00 R=1.00) spent EUR 15.7312
gemini-2.5-flash civil_service_deny#r1: DENY (match=True P=1.00 R=1.00) spent EUR 15.7316
gemini-2.5-flash civil_service_deny_no_citizenship#r1: DENY (match=True P=1.00 R=1.00) spent EUR 15.7321
gemini-2.5-flash civil_service_need_db#r1: NEED_MORE_INFO (match=True P=1.00 R=1.00) spent EUR 15.7326
gemini-2.5-flash civil_service_u3_no_register#r1: NEED_MORE_INFO (match=True P=1.00 R=1.00) spent EUR 15.7331
gemini-2.5-flash civil_service_u7_trust_only#r1: ALLOW (match=False P=1.00 R=0.00) spent EUR 15.7336
gemini-2.5-flash civil_service_u8_need_user#r1: NEED_MORE_INFO (match=True P=1.00 R=1.00) spent EUR 15.7340
gemini-2.5-flash consumer_withdrawal_allow#r1: ALLOW (match=True P=1.00 R=1.00) spent EUR 15.7344
gemini-2.5-flash consumer_withdrawal_allow_via_db#r1: ALLOW (match=True P=1.00 R=1.00) spent EUR 15.7349
gemini-2.5-flash consumer_withdrawal_deny#r1: DENY (match=True P=1.00 R=1.00) spent EUR 15.7354
gemini-2.5-flash consumer_withdrawal_deny_not_consumer#r1: DENY (match=True P=1.00 R=1.00) spent EUR 15.7359
gemini-2.5-flash consumer_withdrawal_need_user#r1: NEED_MORE_INFO (match=True P=1.00 R=1.00) spent EUR 15.7364
gemini-2.5-flash consumer_withdrawal_u3_no_register#r1: NEED_MORE_INFO (match=True P=1.00 R=1.00) spent EUR 15.7369
gemini-2.5-flash consumer_withdrawal_u5_need_db#r1: NEED_MORE_INFO (match=True P=1.00 R=1.00) spent EUR 15.7374
gemini-2.5-flash consumer_withdrawal_u7_trust_only#r1: ALLOW (match=False P=1.00 R=0.00) spent EUR 15.7379
gemini-2.5-flash land_tax_allow#r1: ALLOW (match=True P=1.00 R=1.00) spent EUR 15.7383
gemini-2.5-flash land_tax_allow_pensioner#r1: ALLOW (match=True P=1.00 R=1.00) spent EUR 15.7388
gemini-2.5-flash land_tax_allow_via_db#r1: ALLOW (match=True P=1.00 R=1.00) spent EUR 15.7392
gemini-2.5-flash land_tax_deny#r1: DENY (match=True P=1.00 R=1.00) spent EUR 15.7398
gemini-2.5-flash land_tax_deny_not_residential#r1: DENY (match=True P=1.00 R=1.00) spent EUR 15.7402
gemini-2.5-flash land_tax_need_db#r1: NEED_MORE_INFO (match=True P=1.00 R=1.00) spent EUR 15.7408
gemini-2.5-flash land_tax_u3_no_register#r1: NEED_MORE_INFO (match=True P=1.00 R=1.00) spent EUR 15.7413
gemini-2.5-flash land_tax_u7_trust_only#r1: ALLOW (match=False P=1.00 R=0.00) spent EUR 15.7418
gemini-2.5-flash journalism_allow#r1: ALLOW (match=True P=1.00 R=1.00) spent EUR 15.7421
gemini-2.5-flash journalism_allow_via_consent#r1: ALLOW (match=True P=1.00 R=1.00) spent EUR 15.7424
gemini-2.5-flash journalism_deny#r1: DENY (match=True P=1.00 R=1.00) spent EUR 15.7429
gemini-2.5-flash journalism_deny_no_basis#r1: DENY (match=True P=1.00 R=1.00) spent EUR 15.7433
gemini-2.5-flash journalism_need_user#r1: NEED_MORE_INFO (match=True P=0.67 R=1.00) spent EUR 15.7439
gemini-2.5-flash journalism_u3_no_register#r1: NEED_MORE_INFO (match=True P=1.00 R=1.00) spent EUR 15.7443
gemini-2.5-flash journalism_u5_need_db#r1: NEED_MORE_INFO (match=True P=1.00 R=1.00) spent EUR 15.7448
gemini-2.5-flash journalism_u7_trust_only#r1: ALLOW (match=False P=1.00 R=0.00) spent EUR 15.7451
gemini-2.5-flash building_permit_allow#r1: ALLOW (match=True P=1.00 R=1.00) spent EUR 15.7455
gemini-2.5-flash building_permit_allow_via_db#r1: ALLOW (match=True P=1.00 R=1.00) spent EUR 15.7458
gemini-2.5-flash building_permit_deny#r1: DENY (match=True P=1.00 R=1.00) spent EUR 15.7462
gemini-2.5-flash building_permit_deny_incompetent#r1: DENY (match=True P=1.00 R=1.00) spent EUR 15.7466
gemini-2.5-flash building_permit_deny_no_site_study#r1: DENY (match=True P=1.00 R=1.00) spent EUR 15.7471
gemini-2.5-flash building_permit_need_db#r1: NEED_MORE_INFO (match=True P=1.00 R=1.00) spent EUR 15.7475
gemini-2.5-flash building_permit_u3_no_register#r1: NEED_MORE_INFO (match=True P=1.00 R=1.00) spent EUR 15.7480
gemini-2.5-flash building_permit_u7_trust_only#r1: ALLOW (match=False P=1.00 R=0.00) spent EUR 15.7483
gemini-2.5-flash allow#r1: ALLOW (match=True P=1.00 R=1.00) spent EUR 15.7636
gemini-2.5-flash db-then-user#r1: NEED_MORE_INFO (match=True P=1.00 R=1.00) spent EUR 15.7790
gemini-2.5-flash deny#r1: DENY (match=True P=1.00 R=1.00) spent EUR 15.7943
gemini-2.5-flash need-db#r1: NEED_MORE_INFO (match=True P=1.00 R=1.00) spent EUR 15.8097
gemini-2.5-flash need-user#r1: NEED_MORE_INFO (match=True P=1.00 R=1.00) spent EUR 15.8251
gemini-2.5-flash prompt-swap#r1: ALLOW (match=True P=1.00 R=1.00) spent EUR 15.8404
gemini-2.5-flash unrelated-law#r1: ALLOW (match=True P=1.00 R=1.00) spent EUR 15.8456
gemini-2.5-flash civil_service_allow#r2: ALLOW (match=True P=1.00 R=1.00) spent EUR 15.8461
gemini-2.5-flash civil_service_allow_eu_path#r2: ALLOW (match=True P=1.00 R=1.00) spent EUR 15.8465
gemini-2.5-flash civil_service_deny#r2: DENY (match=True P=1.00 R=1.00) spent EUR 15.8469
gemini-2.5-flash civil_service_deny_no_citizenship#r2: DENY (match=True P=1.00 R=1.00) spent EUR 15.8474
gemini-2.5-flash civil_service_need_db#r2: NEED_MORE_INFO (match=True P=1.00 R=1.00) spent EUR 15.8479
gemini-2.5-flash civil_service_u3_no_register#r2: NEED_MORE_INFO (match=True P=1.00 R=1.00) spent EUR 15.8485
gemini-2.5-flash civil_service_u7_trust_only#r2: ALLOW (match=False P=1.00 R=0.00) spent EUR 15.8489
gemini-2.5-flash civil_service_u8_need_user#r2: NEED_MORE_INFO (match=True P=1.00 R=1.00) spent EUR 15.8494
gemini-2.5-flash consumer_withdrawal_allow#r2: ALLOW (match=True P=1.00 R=1.00) spent EUR 15.8498
gemini-2.5-flash consumer_withdrawal_allow_via_db#r2: ALLOW (match=True P=1.00 R=1.00) spent EUR 15.8502
gemini-2.5-flash consumer_withdrawal_deny#r2: DENY (match=True P=1.00 R=1.00) spent EUR 15.8506
gemini-2.5-flash consumer_withdrawal_deny_not_consumer#r2: DENY (match=True P=1.00 R=1.00) spent EUR 15.8511
gemini-2.5-flash consumer_withdrawal_need_user#r2: NEED_MORE_INFO (match=True P=1.00 R=1.00) spent EUR 15.8516
gemini-2.5-flash consumer_withdrawal_u3_no_register#r2: NEED_MORE_INFO (match=True P=1.00 R=1.00) spent EUR 15.8521
gemini-2.5-flash consumer_withdrawal_u5_need_db#r2: NEED_MORE_INFO (match=True P=1.00 R=1.00) spent EUR 15.8526
gemini-2.5-flash consumer_withdrawal_u7_trust_only#r2: ALLOW (match=False P=1.00 R=0.00) spent EUR 15.8531
gemini-2.5-flash land_tax_allow#r2: ALLOW (match=True P=1.00 R=1.00) spent EUR 15.8536
gemini-2.5-flash land_tax_allow_pensioner#r2: ALLOW (match=True P=1.00 R=1.00) spent EUR 15.8540
gemini-2.5-flash land_tax_allow_via_db#r2: ALLOW (match=True P=1.00 R=1.00) spent EUR 15.8545
gemini-2.5-flash land_tax_deny#r2: DENY (match=True P=1.00 R=1.00) spent EUR 15.8551
gemini-2.5-flash land_tax_deny_not_residential#r2: DENY (match=True P=1.00 R=1.00) spent EUR 15.8555
gemini-2.5-flash land_tax_need_db#r2: NEED_MORE_INFO (match=True P=1.00 R=1.00) spent EUR 15.8561
gemini-2.5-flash land_tax_u3_no_register#r2: NEED_MORE_INFO (match=True P=1.00 R=1.00) spent EUR 15.8566
gemini-2.5-flash land_tax_u7_trust_only#r2: ALLOW (match=False P=1.00 R=0.00) spent EUR 15.8570
gemini-2.5-flash journalism_allow#r2: ALLOW (match=True P=1.00 R=1.00) spent EUR 15.8574
gemini-2.5-flash journalism_allow_via_consent#r2: ALLOW (match=True P=1.00 R=1.00) spent EUR 15.8577
gemini-2.5-flash journalism_deny#r2: DENY (match=True P=1.00 R=1.00) spent EUR 15.8581
gemini-2.5-flash journalism_deny_no_basis#r2: DENY (match=True P=1.00 R=1.00) spent EUR 15.8586
gemini-2.5-flash journalism_need_user#r2: NEED_MORE_INFO (match=True P=0.67 R=1.00) spent EUR 15.8592
gemini-2.5-flash journalism_u3_no_register#r2: NEED_MORE_INFO (match=True P=1.00 R=1.00) spent EUR 15.8596
gemini-2.5-flash journalism_u5_need_db#r2: NEED_MORE_INFO (match=True P=1.00 R=1.00) spent EUR 15.8600
gemini-2.5-flash journalism_u7_trust_only#r2: ALLOW (match=False P=1.00 R=0.00) spent EUR 15.8603
gemini-2.5-flash building_permit_allow#r2: ALLOW (match=True P=1.00 R=1.00) spent EUR 15.8607
gemini-2.5-flash building_permit_allow_via_db#r2: ALLOW (match=True P=1.00 R=1.00) spent EUR 15.8610
gemini-2.5-flash building_permit_deny#r2: DENY (match=True P=1.00 R=1.00) spent EUR 15.8614
gemini-2.5-flash building_permit_deny_incompetent#r2: DENY (match=True P=1.00 R=1.00) spent EUR 15.8619
gemini-2.5-flash building_permit_deny_no_site_study#r2: DENY (match=True P=1.00 R=1.00) spent EUR 15.8623
gemini-2.5-flash building_permit_need_db#r2: NEED_MORE_INFO (match=True P=1.00 R=1.00) spent EUR 15.8627
gemini-2.5-flash building_permit_u3_no_register#r2: NEED_MORE_INFO (match=True P=1.00 R=1.00) spent EUR 15.8632
gemini-2.5-flash building_permit_u7_trust_only#r2: ALLOW (match=False P=1.00 R=0.00) spent EUR 15.8635
gemini-2.5-flash allow#r2: ALLOW (match=True P=1.00 R=1.00) spent EUR 15.8788
gemini-2.5-flash db-then-user#r2: NEED_MORE_INFO (match=True P=1.00 R=1.00) spent EUR 15.8942
gemini-2.5-flash deny#r2: DENY (match=True P=1.00 R=1.00) spent EUR 15.9095
gemini-2.5-flash need-db#r2: NEED_MORE_INFO (match=True P=1.00 R=1.00) spent EUR 15.9248
gemini-2.5-flash need-user#r2: NEED_MORE_INFO (match=True P=1.00 R=1.00) spent EUR 15.9402
gemini-2.5-flash prompt-swap#r2: ALLOW (match=True P=1.00 R=1.00) spent EUR 15.9555
gemini-2.5-flash unrelated-law#r2: ALLOW (match=True P=1.00 R=1.00) spent EUR 15.9608
gemini-2.5-flash civil_service_allow#r3: ALLOW (match=True P=1.00 R=1.00) spent EUR 15.9612
gemini-2.5-flash civil_service_allow_eu_path#r3: ALLOW (match=True P=1.00 R=1.00) spent EUR 15.9616
gemini-2.5-flash civil_service_deny#r3: DENY (match=True P=1.00 R=1.00) spent EUR 15.9620
gemini-2.5-flash civil_service_deny_no_citizenship#r3: DENY (match=True P=1.00 R=1.00) spent EUR 15.9625
gemini-2.5-flash civil_service_need_db#r3: NEED_MORE_INFO (match=True P=1.00 R=1.00) spent EUR 15.9631
gemini-2.5-flash civil_service_u3_no_register#r3: NEED_MORE_INFO (match=True P=1.00 R=1.00) spent EUR 15.9636
gemini-2.5-flash civil_service_u7_trust_only#r3: ALLOW (match=False P=1.00 R=0.00) spent EUR 15.9640
gemini-2.5-flash civil_service_u8_need_user#r3: NEED_MORE_INFO (match=True P=1.00 R=1.00) spent EUR 15.9645
gemini-2.5-flash consumer_withdrawal_allow#r3: ALLOW (match=True P=1.00 R=1.00) spent EUR 15.9649
gemini-2.5-flash consumer_withdrawal_allow_via_db#r3: ALLOW (match=True P=1.00 R=1.00) spent EUR 15.9654
gemini-2.5-flash consumer_withdrawal_deny#r3: DENY (match=True P=1.00 R=1.00) spent EUR 15.9658
gemini-2.5-flash consumer_withdrawal_deny_not_consumer#r3: DENY (match=True P=1.00 R=1.00) spent EUR 15.9663
gemini-2.5-flash consumer_withdrawal_need_user#r3: NEED_MORE_INFO (match=True P=1.00 R=1.00) spent EUR 15.9669
gemini-2.5-flash consumer_withdrawal_u3_no_register#r3: NEED_MORE_INFO (match=True P=1.00 R=1.00) spent EUR 15.9673
gemini-2.5-flash consumer_withdrawal_u5_need_db#r3: NEED_MORE_INFO (match=True P=1.00 R=1.00) spent EUR 15.9678
gemini-2.5-flash consumer_withdrawal_u7_trust_only#r3: ALLOW (match=False P=1.00 R=0.00) spent EUR 15.9683
gemini-2.5-flash land_tax_allow#r3: ALLOW (match=True P=1.00 R=1.00) spent EUR 15.9687
gemini-2.5-flash land_tax_allow_pensioner#r3: ALLOW (match=True P=1.00 R=1.00) spent EUR 15.9692
gemini-2.5-flash land_tax_allow_via_db#r3: ALLOW (match=True P=1.00 R=1.00) spent EUR 15.9697
gemini-2.5-flash land_tax_deny#r3: DENY (match=True P=1.00 R=1.00) spent EUR 15.9701
gemini-2.5-flash land_tax_deny_not_residential#r3: DENY (match=True P=1.00 R=1.00) spent EUR 15.9705
gemini-2.5-flash land_tax_need_db#r3: NEED_MORE_INFO (match=True P=1.00 R=1.00) spent EUR 15.9711
gemini-2.5-flash land_tax_u3_no_register#r3: NEED_MORE_INFO (match=True P=1.00 R=1.00) spent EUR 15.9716
gemini-2.5-flash land_tax_u7_trust_only#r3: ALLOW (match=False P=1.00 R=0.00) spent EUR 15.9720
gemini-2.5-flash journalism_allow#r3: ALLOW (match=True P=1.00 R=1.00) spent EUR 15.9724
gemini-2.5-flash journalism_allow_via_consent#r3: ALLOW (match=True P=1.00 R=1.00) spent EUR 15.9727
gemini-2.5-flash journalism_deny#r3: DENY (match=True P=1.00 R=1.00) spent EUR 15.9731
gemini-2.5-flash journalism_deny_no_basis#r3: DENY (match=True P=1.00 R=1.00) spent EUR 15.9735
gemini-2.5-flash journalism_need_user#r3: NEED_MORE_INFO (match=True P=0.67 R=1.00) spent EUR 15.9741
gemini-2.5-flash journalism_u3_no_register#r3: NEED_MORE_INFO (match=True P=1.00 R=1.00) spent EUR 15.9745
gemini-2.5-flash journalism_u5_need_db#r3: NEED_MORE_INFO (match=True P=1.00 R=1.00) spent EUR 15.9749
gemini-2.5-flash journalism_u7_trust_only#r3: ALLOW (match=False P=1.00 R=0.00) spent EUR 15.9752
gemini-2.5-flash building_permit_allow#r3: ALLOW (match=True P=1.00 R=1.00) spent EUR 15.9755
gemini-2.5-flash building_permit_allow_via_db#r3: ALLOW (match=True P=1.00 R=1.00) spent EUR 15.9759
gemini-2.5-flash building_permit_deny#r3: DENY (match=True P=1.00 R=1.00) spent EUR 15.9763
gemini-2.5-flash building_permit_deny_incompetent#r3: DENY (match=True P=1.00 R=1.00) spent EUR 15.9768
gemini-2.5-flash building_permit_deny_no_site_study#r3: DENY (match=True P=1.00 R=1.00) spent EUR 15.9772
gemini-2.5-flash building_permit_need_db#r3: NEED_MORE_INFO (match=True P=1.00 R=1.00) spent EUR 15.9776
gemini-2.5-flash building_permit_u3_no_register#r3: NEED_MORE_INFO (match=True P=1.00 R=1.00) spent EUR 15.9781
gemini-2.5-flash building_permit_u7_trust_only#r3: ALLOW (match=False P=1.00 R=0.00) spent EUR 15.9784
gemini-2.5-flash allow#r3: ALLOW (match=True P=1.00 R=1.00) spent EUR 15.9937
gemini-2.5-flash db-then-user#r3: NEED_MORE_INFO (match=True P=1.00 R=1.00) spent EUR 16.0091
gemini-2.5-flash deny#r3: DENY (match=True P=1.00 R=1.00) spent EUR 16.0244
gemini-2.5-flash need-db#r3: NEED_MORE_INFO (match=True P=1.00 R=1.00) spent EUR 16.0398
gemini-2.5-flash need-user#r3: NEED_MORE_INFO (match=True P=1.00 R=1.00) spent EUR 16.0551
gemini-2.5-flash prompt-swap#r3: ALLOW (match=True P=1.00 R=1.00) spent EUR 16.0704
gemini-2.5-flash unrelated-law#r3: ALLOW (match=True P=1.00 R=1.00) spent EUR 16.0757
gemini-2.5-flash civil_service_allow#r4: ALLOW (match=True P=1.00 R=1.00) spent EUR 16.0761
gemini-2.5-flash civil_service_allow_eu_path#r4: ALLOW (match=True P=1.00 R=1.00) spent EUR 16.0765
gemini-2.5-flash civil_service_deny#r4: DENY (match=True P=1.00 R=1.00) spent EUR 16.0769
gemini-2.5-flash civil_service_deny_no_citizenship#r4: DENY (match=True P=1.00 R=1.00) spent EUR 16.0774
gemini-2.5-flash civil_service_need_db#r4: NEED_MORE_INFO (match=True P=1.00 R=1.00) spent EUR 16.0779
gemini-2.5-flash civil_service_u3_no_register#r4: NEED_MORE_INFO (match=True P=1.00 R=1.00) spent EUR 16.0785
gemini-2.5-flash civil_service_u7_trust_only#r4: ALLOW (match=False P=1.00 R=0.00) spent EUR 16.0789
gemini-2.5-flash civil_service_u8_need_user#r4: NEED_MORE_INFO (match=True P=1.00 R=1.00) spent EUR 16.0794
gemini-2.5-flash consumer_withdrawal_allow#r4: ALLOW (match=True P=1.00 R=1.00) spent EUR 16.0798
gemini-2.5-flash consumer_withdrawal_allow_via_db#r4: ALLOW (match=True P=1.00 R=1.00) spent EUR 16.0803
gemini-2.5-flash consumer_withdrawal_deny#r4: DENY (match=True P=1.00 R=1.00) spent EUR 16.0807
gemini-2.5-flash consumer_withdrawal_deny_not_consumer#r4: DENY (match=True P=1.00 R=1.00) spent EUR 16.0812
gemini-2.5-flash consumer_withdrawal_need_user#r4: NEED_MORE_INFO (match=True P=1.00 R=1.00) spent EUR 16.0818
gemini-2.5-flash consumer_withdrawal_u3_no_register#r4: NEED_MORE_INFO (match=True P=1.00 R=1.00) spent EUR 16.0822
gemini-2.5-flash consumer_withdrawal_u5_need_db#r4: NEED_MORE_INFO (match=True P=1.00 R=1.00) spent EUR 16.0827
gemini-2.5-flash consumer_withdrawal_u7_trust_only#r4: ALLOW (match=False P=1.00 R=0.00) spent EUR 16.0831
gemini-2.5-flash land_tax_allow#r4: ALLOW (match=True P=1.00 R=1.00) spent EUR 16.0835
gemini-2.5-flash land_tax_allow_pensioner#r4: ALLOW (match=True P=1.00 R=1.00) spent EUR 16.0840
gemini-2.5-flash land_tax_allow_via_db#r4: ALLOW (match=True P=1.00 R=1.00) spent EUR 16.0845
gemini-2.5-flash land_tax_deny#r4: DENY (match=True P=1.00 R=1.00) spent EUR 16.0850
gemini-2.5-flash land_tax_deny_not_residential#r4: DENY (match=True P=1.00 R=1.00) spent EUR 16.0855
gemini-2.5-flash land_tax_need_db#r4: NEED_MORE_INFO (match=True P=1.00 R=1.00) spent EUR 16.0860
gemini-2.5-flash land_tax_u3_no_register#r4: NEED_MORE_INFO (match=True P=1.00 R=1.00) spent EUR 16.0866
gemini-2.5-flash land_tax_u7_trust_only#r4: ALLOW (match=False P=1.00 R=0.00) spent EUR 16.0870
gemini-2.5-flash journalism_allow#r4: ALLOW (match=True P=1.00 R=1.00) spent EUR 16.0874
gemini-2.5-flash journalism_allow_via_consent#r4: ALLOW (match=True P=1.00 R=1.00) spent EUR 16.0877
gemini-2.5-flash journalism_deny#r4: DENY (match=True P=1.00 R=1.00) spent EUR 16.0881
gemini-2.5-flash journalism_deny_no_basis#r4: DENY (match=True P=1.00 R=1.00) spent EUR 16.0885
gemini-2.5-flash journalism_need_user#r4: NEED_MORE_INFO (match=True P=0.67 R=1.00) spent EUR 16.0891
gemini-2.5-flash journalism_u3_no_register#r4: NEED_MORE_INFO (match=True P=1.00 R=1.00) spent EUR 16.0896
gemini-2.5-flash journalism_u5_need_db#r4: NEED_MORE_INFO (match=True P=1.00 R=1.00) spent EUR 16.0900
gemini-2.5-flash journalism_u7_trust_only#r4: ALLOW (match=False P=1.00 R=0.00) spent EUR 16.0903
gemini-2.5-flash building_permit_allow#r4: ALLOW (match=True P=1.00 R=1.00) spent EUR 16.0907
gemini-2.5-flash building_permit_allow_via_db#r4: ALLOW (match=True P=1.00 R=1.00) spent EUR 16.0911
gemini-2.5-flash building_permit_deny#r4: DENY (match=True P=1.00 R=1.00) spent EUR 16.0915
gemini-2.5-flash building_permit_deny_incompetent#r4: DENY (match=True P=1.00 R=1.00) spent EUR 16.0919
gemini-2.5-flash building_permit_deny_no_site_study#r4: DENY (match=True P=1.00 R=1.00) spent EUR 16.0924
gemini-2.5-flash building_permit_need_db#r4: NEED_MORE_INFO (match=True P=1.00 R=1.00) spent EUR 16.0928
gemini-2.5-flash building_permit_u3_no_register#r4: NEED_MORE_INFO (match=True P=1.00 R=1.00) spent EUR 16.0932
gemini-2.5-flash building_permit_u7_trust_only#r4: ALLOW (match=False P=1.00 R=0.00) spent EUR 16.0936
gemini-2.5-flash allow#r4: ALLOW (match=True P=1.00 R=1.00) spent EUR 16.1089
gemini-2.5-flash db-then-user#r4: NEED_MORE_INFO (match=True P=1.00 R=1.00) spent EUR 16.1243
gemini-2.5-flash deny#r4: DENY (match=True P=1.00 R=1.00) spent EUR 16.1396
gemini-2.5-flash need-db#r4: NEED_MORE_INFO (match=True P=1.00 R=1.00) spent EUR 16.1550
gemini-2.5-flash need-user#r4: NEED_MORE_INFO (match=True P=1.00 R=1.00) spent EUR 16.1703
gemini-2.5-flash prompt-swap#r4: ALLOW (match=True P=1.00 R=1.00) spent EUR 16.1856
gemini-2.5-flash unrelated-law#r4: ALLOW (match=True P=1.00 R=1.00) spent EUR 16.1909
gemini-2.5-flash civil_service_allow#r5: ALLOW (match=True P=1.00 R=1.00) spent EUR 16.1913
gemini-2.5-flash civil_service_allow_eu_path#r5: ALLOW (match=True P=1.00 R=1.00) spent EUR 16.1918
gemini-2.5-flash civil_service_deny#r5: DENY (match=True P=1.00 R=1.00) spent EUR 16.1922
gemini-2.5-flash civil_service_deny_no_citizenship#r5: DENY (match=True P=1.00 R=1.00) spent EUR 16.1927
gemini-2.5-flash civil_service_need_db#r5: NEED_MORE_INFO (match=True P=1.00 R=1.00) spent EUR 16.1932
gemini-2.5-flash civil_service_u3_no_register#r5: NEED_MORE_INFO (match=True P=1.00 R=1.00) spent EUR 16.1938
gemini-2.5-flash civil_service_u7_trust_only#r5: ALLOW (match=False P=1.00 R=0.00) spent EUR 16.1942
gemini-2.5-flash civil_service_u8_need_user#r5: NEED_MORE_INFO (match=True P=1.00 R=1.00) spent EUR 16.1947
gemini-2.5-flash consumer_withdrawal_allow#r5: ALLOW (match=True P=1.00 R=1.00) spent EUR 16.1952
gemini-2.5-flash consumer_withdrawal_allow_via_db#r5: ALLOW (match=True P=1.00 R=1.00) spent EUR 16.1956
gemini-2.5-flash consumer_withdrawal_deny#r5: DENY (match=True P=1.00 R=1.00) spent EUR 16.1960
gemini-2.5-flash consumer_withdrawal_deny_not_consumer#r5: DENY (match=True P=1.00 R=1.00) spent EUR 16.1965
gemini-2.5-flash consumer_withdrawal_need_user#r5: NEED_MORE_INFO (match=True P=1.00 R=1.00) spent EUR 16.1970
gemini-2.5-flash consumer_withdrawal_u3_no_register#r5: NEED_MORE_INFO (match=True P=1.00 R=1.00) spent EUR 16.1975
gemini-2.5-flash consumer_withdrawal_u5_need_db#r5: NEED_MORE_INFO (match=True P=1.00 R=1.00) spent EUR 16.1980
gemini-2.5-flash consumer_withdrawal_u7_trust_only#r5: ALLOW (match=False P=1.00 R=0.00) spent EUR 16.1984
gemini-2.5-flash land_tax_allow#r5: ALLOW (match=True P=1.00 R=1.00) spent EUR 16.1989
gemini-2.5-flash land_tax_allow_pensioner#r5: ALLOW (match=True P=1.00 R=1.00) spent EUR 16.1993
gemini-2.5-flash land_tax_allow_via_db#r5: ALLOW (match=True P=1.00 R=1.00) spent EUR 16.1998
gemini-2.5-flash land_tax_deny#r5: DENY (match=True P=1.00 R=1.00) spent EUR 16.2002
gemini-2.5-flash land_tax_deny_not_residential#r5: DENY (match=True P=1.00 R=1.00) spent EUR 16.2007
gemini-2.5-flash land_tax_need_db#r5: NEED_MORE_INFO (match=True P=1.00 R=1.00) spent EUR 16.2012
gemini-2.5-flash land_tax_u3_no_register#r5: NEED_MORE_INFO (match=True P=1.00 R=1.00) spent EUR 16.2017
gemini-2.5-flash land_tax_u7_trust_only#r5: ALLOW (match=False P=1.00 R=0.00) spent EUR 16.2022
gemini-2.5-flash journalism_allow#r5: ALLOW (match=True P=1.00 R=1.00) spent EUR 16.2026
gemini-2.5-flash journalism_allow_via_consent#r5: ALLOW (match=True P=1.00 R=1.00) spent EUR 16.2029
gemini-2.5-flash journalism_deny#r5: DENY (match=True P=1.00 R=1.00) spent EUR 16.2033
gemini-2.5-flash journalism_deny_no_basis#r5: DENY (match=True P=1.00 R=1.00) spent EUR 16.2037
gemini-2.5-flash journalism_need_user#r5: NEED_MORE_INFO (match=True P=0.67 R=1.00) spent EUR 16.2043
gemini-2.5-flash journalism_u3_no_register#r5: NEED_MORE_INFO (match=True P=1.00 R=1.00) spent EUR 16.2047
gemini-2.5-flash journalism_u5_need_db#r5: NEED_MORE_INFO (match=True P=1.00 R=1.00) spent EUR 16.2051
gemini-2.5-flash journalism_u7_trust_only#r5: ALLOW (match=False P=1.00 R=0.00) spent EUR 16.2054
gemini-2.5-flash building_permit_allow#r5: ALLOW (match=True P=1.00 R=1.00) spent EUR 16.2058
gemini-2.5-flash building_permit_allow_via_db#r5: ALLOW (match=True P=1.00 R=1.00) spent EUR 16.2061
gemini-2.5-flash building_permit_deny#r5: DENY (match=True P=1.00 R=1.00) spent EUR 16.2065
gemini-2.5-flash building_permit_deny_incompetent#r5: DENY (match=True P=1.00 R=1.00) spent EUR 16.2070
gemini-2.5-flash building_permit_deny_no_site_study#r5: DENY (match=True P=1.00 R=1.00) spent EUR 16.2074
gemini-2.5-flash building_permit_need_db#r5: NEED_MORE_INFO (match=True P=1.00 R=1.00) spent EUR 16.2079
gemini-2.5-flash building_permit_u3_no_register#r5: NEED_MORE_INFO (match=True P=1.00 R=1.00) spent EUR 16.2083
gemini-2.5-flash building_permit_u7_trust_only#r5: ALLOW (match=False P=1.00 R=0.00) spent EUR 16.2086
gemini-2.5-flash allow#r5: ALLOW (match=True P=1.00 R=1.00) spent EUR 16.2239
gemini-2.5-flash db-then-user#r5: NEED_MORE_INFO (match=True P=1.00 R=1.00) spent EUR 16.2393
gemini-2.5-flash deny#r5: DENY (match=True P=1.00 R=1.00) spent EUR 16.2546
gemini-2.5-flash need-db#r5: NEED_MORE_INFO (match=True P=1.00 R=1.00) spent EUR 16.2700
gemini-2.5-flash need-user#r5: NEED_MORE_INFO (match=True P=1.00 R=1.00) spent EUR 16.2854
gemini-2.5-flash prompt-swap#r5: ALLOW (match=True P=1.00 R=1.00) spent EUR 16.3007
gemini-2.5-flash unrelated-law#r5: ALLOW (match=True P=1.00 R=1.00) spent EUR 16.3060
gemini-2.5-flash civil_service_allow#r6: ALLOW (match=True P=1.00 R=1.00) spent EUR 16.3064
gemini-2.5-flash civil_service_allow_eu_path#r6: ALLOW (match=True P=1.00 R=1.00) spent EUR 16.3068
gemini-2.5-flash civil_service_deny#r6: DENY (match=True P=1.00 R=1.00) spent EUR 16.3072
gemini-2.5-flash civil_service_deny_no_citizenship#r6: DENY (match=True P=1.00 R=1.00) spent EUR 16.3078
gemini-2.5-flash civil_service_need_db#r6: NEED_MORE_INFO (match=True P=1.00 R=1.00) spent EUR 16.3083
gemini-2.5-flash civil_service_u3_no_register#r6: NEED_MORE_INFO (match=True P=1.00 R=1.00) spent EUR 16.3088
gemini-2.5-flash civil_service_u7_trust_only#r6: ALLOW (match=False P=1.00 R=0.00) spent EUR 16.3092
gemini-2.5-flash civil_service_u8_need_user#r6: NEED_MORE_INFO (match=True P=1.00 R=1.00) spent EUR 16.3097
gemini-2.5-flash consumer_withdrawal_allow#r6: ALLOW (match=True P=1.00 R=1.00) spent EUR 16.3102
gemini-2.5-flash consumer_withdrawal_allow_via_db#r6: ALLOW (match=True P=1.00 R=1.00) spent EUR 16.3107
gemini-2.5-flash consumer_withdrawal_deny#r6: DENY (match=True P=1.00 R=1.00) spent EUR 16.3111
gemini-2.5-flash consumer_withdrawal_deny_not_consumer#r6: DENY (match=True P=1.00 R=1.00) spent EUR 16.3116
gemini-2.5-flash consumer_withdrawal_need_user#r6: NEED_MORE_INFO (match=True P=1.00 R=1.00) spent EUR 16.3121
gemini-2.5-flash consumer_withdrawal_u3_no_register#r6: NEED_MORE_INFO (match=True P=1.00 R=1.00) spent EUR 16.3126
gemini-2.5-flash consumer_withdrawal_u5_need_db#r6: NEED_MORE_INFO (match=True P=1.00 R=1.00) spent EUR 16.3131
gemini-2.5-flash consumer_withdrawal_u7_trust_only#r6: ALLOW (match=False P=1.00 R=0.00) spent EUR 16.3135
gemini-2.5-flash land_tax_allow#r6: ALLOW (match=True P=1.00 R=1.00) spent EUR 16.3139
gemini-2.5-flash land_tax_allow_pensioner#r6: ALLOW (match=True P=1.00 R=1.00) spent EUR 16.3144
gemini-2.5-flash land_tax_allow_via_db#r6: ALLOW (match=True P=1.00 R=1.00) spent EUR 16.3149
gemini-2.5-flash land_tax_deny#r6: DENY (match=True P=1.00 R=1.00) spent EUR 16.3154
gemini-2.5-flash land_tax_deny_not_residential#r6: DENY (match=True P=1.00 R=1.00) spent EUR 16.3159
gemini-2.5-flash land_tax_need_db#r6: NEED_MORE_INFO (match=True P=1.00 R=1.00) spent EUR 16.3165
gemini-2.5-flash land_tax_u3_no_register#r6: NEED_MORE_INFO (match=True P=1.00 R=1.00) spent EUR 16.3170
gemini-2.5-flash land_tax_u7_trust_only#r6: ALLOW (match=False P=1.00 R=0.00) spent EUR 16.3175
gemini-2.5-flash journalism_allow#r6: ALLOW (match=True P=1.00 R=1.00) spent EUR 16.3179
gemini-2.5-flash journalism_allow_via_consent#r6: ALLOW (match=True P=1.00 R=1.00) spent EUR 16.3182
gemini-2.5-flash journalism_deny#r6: DENY (match=True P=1.00 R=1.00) spent EUR 16.3186
gemini-2.5-flash journalism_deny_no_basis#r6: DENY (match=True P=1.00 R=1.00) spent EUR 16.3190
gemini-2.5-flash journalism_need_user#r6: NEED_MORE_INFO (match=True P=0.67 R=1.00) spent EUR 16.3196
gemini-2.5-flash journalism_u3_no_register#r6: NEED_MORE_INFO (match=True P=1.00 R=1.00) spent EUR 16.3200
gemini-2.5-flash journalism_u5_need_db#r6: NEED_MORE_INFO (match=True P=1.00 R=1.00) spent EUR 16.3204
gemini-2.5-flash journalism_u7_trust_only#r6: ALLOW (match=False P=1.00 R=0.00) spent EUR 16.3207
gemini-2.5-flash building_permit_allow#r6: ALLOW (match=True P=1.00 R=1.00) spent EUR 16.3211
gemini-2.5-flash building_permit_allow_via_db#r6: ALLOW (match=True P=1.00 R=1.00) spent EUR 16.3214
gemini-2.5-flash building_permit_deny#r6: DENY (match=True P=1.00 R=1.00) spent EUR 16.3218
gemini-2.5-flash building_permit_deny_incompetent#r6: DENY (match=True P=1.00 R=1.00) spent EUR 16.3222
gemini-2.5-flash building_permit_deny_no_site_study#r6: DENY (match=True P=1.00 R=1.00) spent EUR 16.3227
gemini-2.5-flash building_permit_need_db#r6: NEED_MORE_INFO (match=True P=1.00 R=1.00) spent EUR 16.3231
gemini-2.5-flash building_permit_u3_no_register#r6: NEED_MORE_INFO (match=True P=1.00 R=1.00) spent EUR 16.3236
gemini-2.5-flash building_permit_u7_trust_only#r6: ALLOW (match=False P=1.00 R=0.00) spent EUR 16.3239
gemini-2.5-flash allow#r6: ALLOW (match=True P=1.00 R=1.00) spent EUR 16.3392
gemini-2.5-flash db-then-user#r6: NEED_MORE_INFO (match=True P=1.00 R=1.00) spent EUR 16.3546
gemini-2.5-flash deny#r6: DENY (match=True P=1.00 R=1.00) spent EUR 16.3700
gemini-2.5-flash need-db#r6: NEED_MORE_INFO (match=True P=1.00 R=1.00) spent EUR 16.3853
gemini-2.5-flash need-user#r6: NEED_MORE_INFO (match=True P=1.00 R=1.00) spent EUR 16.4007
gemini-2.5-flash prompt-swap#r6: ALLOW (match=True P=1.00 R=1.00) spent EUR 16.4160
gemini-2.5-flash unrelated-law#r6: ALLOW (match=True P=1.00 R=1.00) spent EUR 16.4212
gemini-2.5-flash civil_service_allow#r7: ALLOW (match=True P=1.00 R=1.00) spent EUR 16.4217
gemini-2.5-flash civil_service_allow_eu_path#r7: ALLOW (match=True P=1.00 R=1.00) spent EUR 16.4221
gemini-2.5-flash civil_service_deny#r7: DENY (match=True P=1.00 R=1.00) spent EUR 16.4225
gemini-2.5-flash civil_service_deny_no_citizenship#r7: DENY (match=True P=1.00 R=1.00) spent EUR 16.4230
gemini-2.5-flash civil_service_need_db#r7: NEED_MORE_INFO (match=True P=1.00 R=1.00) spent EUR 16.4235
gemini-2.5-flash civil_service_u3_no_register#r7: NEED_MORE_INFO (match=True P=1.00 R=1.00) spent EUR 16.4241
gemini-2.5-flash civil_service_u7_trust_only#r7: ALLOW (match=False P=1.00 R=0.00) spent EUR 16.4245
gemini-2.5-flash civil_service_u8_need_user#r7: NEED_MORE_INFO (match=True P=1.00 R=1.00) spent EUR 16.4250
gemini-2.5-flash consumer_withdrawal_allow#r7: ALLOW (match=True P=1.00 R=1.00) spent EUR 16.4254
gemini-2.5-flash consumer_withdrawal_allow_via_db#r7: ALLOW (match=True P=1.00 R=1.00) spent EUR 16.4258
gemini-2.5-flash consumer_withdrawal_deny#r7: DENY (match=True P=1.00 R=1.00) spent EUR 16.4262
gemini-2.5-flash consumer_withdrawal_deny_not_consumer#r7: DENY (match=True P=1.00 R=1.00) spent EUR 16.4267
gemini-2.5-flash consumer_withdrawal_need_user#r7: NEED_MORE_INFO (match=True P=1.00 R=1.00) spent EUR 16.4272
gemini-2.5-flash consumer_withdrawal_u3_no_register#r7: NEED_MORE_INFO (match=True P=1.00 R=1.00) spent EUR 16.4277
gemini-2.5-flash consumer_withdrawal_u5_need_db#r7: NEED_MORE_INFO (match=True P=1.00 R=1.00) spent EUR 16.4281
gemini-2.5-flash consumer_withdrawal_u7_trust_only#r7: ALLOW (match=False P=1.00 R=0.00) spent EUR 16.4285
gemini-2.5-flash land_tax_allow#r7: ALLOW (match=True P=1.00 R=1.00) spent EUR 16.4290
gemini-2.5-flash land_tax_allow_pensioner#r7: ALLOW (match=True P=1.00 R=1.00) spent EUR 16.4294
gemini-2.5-flash land_tax_allow_via_db#r7: ALLOW (match=True P=1.00 R=1.00) spent EUR 16.4299
gemini-2.5-flash land_tax_deny#r7: DENY (match=True P=1.00 R=1.00) spent EUR 16.4303
gemini-2.5-flash land_tax_deny_not_residential#r7: DENY (match=True P=1.00 R=1.00) spent EUR 16.4307
gemini-2.5-flash land_tax_need_db#r7: NEED_MORE_INFO (match=True P=1.00 R=1.00) spent EUR 16.4313
gemini-2.5-flash land_tax_u3_no_register#r7: NEED_MORE_INFO (match=True P=1.00 R=1.00) spent EUR 16.4318
gemini-2.5-flash land_tax_u7_trust_only#r7: ALLOW (match=False P=1.00 R=0.00) spent EUR 16.4323
gemini-2.5-flash journalism_allow#r7: ALLOW (match=True P=1.00 R=1.00) spent EUR 16.4326
gemini-2.5-flash journalism_allow_via_consent#r7: ALLOW (match=True P=1.00 R=1.00) spent EUR 16.4329
gemini-2.5-flash journalism_deny#r7: DENY (match=True P=1.00 R=1.00) spent EUR 16.4334
gemini-2.5-flash journalism_deny_no_basis#r7: DENY (match=True P=1.00 R=1.00) spent EUR 16.4337
gemini-2.5-flash journalism_need_user#r7: NEED_MORE_INFO (match=True P=0.67 R=1.00) spent EUR 16.4343
gemini-2.5-flash journalism_u3_no_register#r7: NEED_MORE_INFO (match=True P=1.00 R=1.00) spent EUR 16.4347
gemini-2.5-flash journalism_u5_need_db#r7: NEED_MORE_INFO (match=True P=1.00 R=1.00) spent EUR 16.4352
gemini-2.5-flash journalism_u7_trust_only#r7: ALLOW (match=False P=1.00 R=0.00) spent EUR 16.4355
gemini-2.5-flash building_permit_allow#r7: ALLOW (match=True P=1.00 R=1.00) spent EUR 16.4358
gemini-2.5-flash building_permit_allow_via_db#r7: ALLOW (match=True P=1.00 R=1.00) spent EUR 16.4362
gemini-2.5-flash building_permit_deny#r7: DENY (match=True P=1.00 R=1.00) spent EUR 16.4366
gemini-2.5-flash building_permit_deny_incompetent#r7: DENY (match=True P=1.00 R=1.00) spent EUR 16.4370
gemini-2.5-flash building_permit_deny_no_site_study#r7: DENY (match=True P=1.00 R=1.00) spent EUR 16.4374
gemini-2.5-flash building_permit_need_db#r7: NEED_MORE_INFO (match=True P=1.00 R=1.00) spent EUR 16.4379
gemini-2.5-flash building_permit_u3_no_register#r7: NEED_MORE_INFO (match=True P=1.00 R=1.00) spent EUR 16.4383
gemini-2.5-flash building_permit_u7_trust_only#r7: ALLOW (match=False P=1.00 R=0.00) spent EUR 16.4387
gemini-2.5-flash allow#r7: ALLOW (match=True P=1.00 R=1.00) spent EUR 16.4539
gemini-2.5-flash db-then-user#r7: NEED_MORE_INFO (match=True P=1.00 R=1.00) spent EUR 16.4693
gemini-2.5-flash deny#r7: DENY (match=True P=1.00 R=1.00) spent EUR 16.4846
gemini-2.5-flash need-db#r7: NEED_MORE_INFO (match=True P=1.00 R=1.00) spent EUR 16.5000
gemini-2.5-flash need-user#r7: NEED_MORE_INFO (match=True P=1.00 R=1.00) spent EUR 16.5154
gemini-2.5-flash prompt-swap#r7: ALLOW (match=True P=1.00 R=1.00) spent EUR 16.5307
gemini-2.5-flash unrelated-law#r7: ALLOW (match=True P=1.00 R=1.00) spent EUR 16.5359
gemini-2.5-flash civil_service_allow#r8: ALLOW (match=True P=1.00 R=1.00) spent EUR 16.5364
gemini-2.5-flash civil_service_allow_eu_path#r8: ALLOW (match=True P=1.00 R=1.00) spent EUR 16.5368
gemini-2.5-flash civil_service_deny#r8: DENY (match=True P=1.00 R=1.00) spent EUR 16.5372
gemini-2.5-flash civil_service_deny_no_citizenship#r8: DENY (match=True P=1.00 R=1.00) spent EUR 16.5377
gemini-2.5-flash civil_service_need_db#r8: NEED_MORE_INFO (match=True P=1.00 R=1.00) spent EUR 16.5382
gemini-2.5-flash civil_service_u3_no_register#r8: NEED_MORE_INFO (match=True P=1.00 R=1.00) spent EUR 16.5387
gemini-2.5-flash civil_service_u7_trust_only#r8: ALLOW (match=False P=1.00 R=0.00) spent EUR 16.5391
gemini-2.5-flash civil_service_u8_need_user#r8: NEED_MORE_INFO (match=True P=1.00 R=1.00) spent EUR 16.5396
gemini-2.5-flash consumer_withdrawal_allow#r8: ALLOW (match=True P=1.00 R=1.00) spent EUR 16.5401
gemini-2.5-flash consumer_withdrawal_allow_via_db#r8: ALLOW (match=True P=1.00 R=1.00) spent EUR 16.5406
gemini-2.5-flash consumer_withdrawal_deny#r8: DENY (match=True P=1.00 R=1.00) spent EUR 16.5410
gemini-2.5-flash consumer_withdrawal_deny_not_consumer#r8: DENY (match=True P=1.00 R=1.00) spent EUR 16.5415
gemini-2.5-flash consumer_withdrawal_need_user#r8: NEED_MORE_INFO (match=True P=1.00 R=1.00) spent EUR 16.5420
gemini-2.5-flash consumer_withdrawal_u3_no_register#r8: NEED_MORE_INFO (match=True P=1.00 R=1.00) spent EUR 16.5425
gemini-2.5-flash consumer_withdrawal_u5_need_db#r8: NEED_MORE_INFO (match=True P=1.00 R=1.00) spent EUR 16.5430
gemini-2.5-flash consumer_withdrawal_u7_trust_only#r8: ALLOW (match=False P=1.00 R=0.00) spent EUR 16.5435
gemini-2.5-flash land_tax_allow#r8: ALLOW (match=True P=1.00 R=1.00) spent EUR 16.5440
gemini-2.5-flash land_tax_allow_pensioner#r8: ALLOW (match=True P=1.00 R=1.00) spent EUR 16.5444
gemini-2.5-flash land_tax_allow_via_db#r8: ALLOW (match=True P=1.00 R=1.00) spent EUR 16.5449
gemini-2.5-flash land_tax_deny#r8: DENY (match=True P=1.00 R=1.00) spent EUR 16.5454
gemini-2.5-flash land_tax_deny_not_residential#r8: DENY (match=True P=1.00 R=1.00) spent EUR 16.5458
gemini-2.5-flash land_tax_need_db#r8: NEED_MORE_INFO (match=True P=1.00 R=1.00) spent EUR 16.5464
gemini-2.5-flash land_tax_u3_no_register#r8: NEED_MORE_INFO (match=True P=1.00 R=1.00) spent EUR 16.5469
gemini-2.5-flash land_tax_u7_trust_only#r8: ALLOW (match=False P=1.00 R=0.00) spent EUR 16.5474
gemini-2.5-flash journalism_allow#r8: ALLOW (match=True P=1.00 R=1.00) spent EUR 16.5478
gemini-2.5-flash journalism_allow_via_consent#r8: ALLOW (match=True P=1.00 R=1.00) spent EUR 16.5481
gemini-2.5-flash journalism_deny#r8: DENY (match=True P=1.00 R=1.00) spent EUR 16.5485
gemini-2.5-flash journalism_deny_no_basis#r8: DENY (match=True P=1.00 R=1.00) spent EUR 16.5489
gemini-2.5-flash journalism_need_user#r8: NEED_MORE_INFO (match=True P=0.67 R=1.00) spent EUR 16.5495
gemini-2.5-flash journalism_u3_no_register#r8: NEED_MORE_INFO (match=True P=1.00 R=1.00) spent EUR 16.5498
gemini-2.5-flash journalism_u5_need_db#r8: NEED_MORE_INFO (match=True P=1.00 R=1.00) spent EUR 16.5503
gemini-2.5-flash journalism_u7_trust_only#r8: ALLOW (match=False P=1.00 R=0.00) spent EUR 16.5506
gemini-2.5-flash building_permit_allow#r8: ALLOW (match=True P=1.00 R=1.00) spent EUR 16.5510
gemini-2.5-flash building_permit_allow_via_db#r8: ALLOW (match=True P=1.00 R=1.00) spent EUR 16.5513
gemini-2.5-flash building_permit_deny#r8: DENY (match=True P=1.00 R=1.00) spent EUR 16.5517
gemini-2.5-flash building_permit_deny_incompetent#r8: DENY (match=True P=1.00 R=1.00) spent EUR 16.5522
gemini-2.5-flash building_permit_deny_no_site_study#r8: DENY (match=True P=1.00 R=1.00) spent EUR 16.5526
gemini-2.5-flash building_permit_need_db#r8: NEED_MORE_INFO (match=True P=1.00 R=1.00) spent EUR 16.5531
gemini-2.5-flash building_permit_u3_no_register#r8: NEED_MORE_INFO (match=True P=1.00 R=1.00) spent EUR 16.5535
gemini-2.5-flash building_permit_u7_trust_only#r8: ALLOW (match=False P=1.00 R=0.00) spent EUR 16.5539
gemini-2.5-flash allow#r8: ALLOW (match=True P=1.00 R=1.00) spent EUR 16.5691
gemini-2.5-flash db-then-user#r8: NEED_MORE_INFO (match=True P=1.00 R=1.00) spent EUR 16.5845
gemini-2.5-flash deny#r8: DENY (match=True P=1.00 R=1.00) spent EUR 16.5998
gemini-2.5-flash need-db#r8: NEED_MORE_INFO (match=True P=1.00 R=1.00) spent EUR 16.6152
gemini-2.5-flash need-user#r8: NEED_MORE_INFO (match=True P=1.00 R=1.00) spent EUR 16.6305
gemini-2.5-flash prompt-swap#r8: ALLOW (match=True P=1.00 R=1.00) spent EUR 16.6458
gemini-2.5-flash unrelated-law#r8: ALLOW (match=True P=1.00 R=1.00) spent EUR 16.6511
gemini-2.5-flash civil_service_allow#r9: ALLOW (match=True P=1.00 R=1.00) spent EUR 16.6515
gemini-2.5-flash civil_service_allow_eu_path#r9: ALLOW (match=True P=1.00 R=1.00) spent EUR 16.6519
gemini-2.5-flash civil_service_deny#r9: DENY (match=True P=1.00 R=1.00) spent EUR 16.6524
gemini-2.5-flash civil_service_deny_no_citizenship#r9: DENY (match=True P=1.00 R=1.00) spent EUR 16.6528
gemini-2.5-flash civil_service_need_db#r9: NEED_MORE_INFO (match=True P=1.00 R=1.00) spent EUR 16.6534
gemini-2.5-flash civil_service_u3_no_register#r9: NEED_MORE_INFO (match=True P=1.00 R=1.00) spent EUR 16.6539
gemini-2.5-flash civil_service_u7_trust_only#r9: ALLOW (match=False P=1.00 R=0.00) spent EUR 16.6543
gemini-2.5-flash civil_service_u8_need_user#r9: NEED_MORE_INFO (match=True P=1.00 R=1.00) spent EUR 16.6548
gemini-2.5-flash consumer_withdrawal_allow#r9: ALLOW (match=True P=1.00 R=1.00) spent EUR 16.6553
gemini-2.5-flash consumer_withdrawal_allow_via_db#r9: ALLOW (match=True P=1.00 R=1.00) spent EUR 16.6558
gemini-2.5-flash consumer_withdrawal_deny#r9: DENY (match=True P=1.00 R=1.00) spent EUR 16.6562
gemini-2.5-flash consumer_withdrawal_deny_not_consumer#r9: DENY (match=True P=1.00 R=1.00) spent EUR 16.6567
gemini-2.5-flash consumer_withdrawal_need_user#r9: NEED_MORE_INFO (match=True P=1.00 R=1.00) spent EUR 16.6573
gemini-2.5-flash consumer_withdrawal_u3_no_register#r9: NEED_MORE_INFO (match=True P=1.00 R=1.00) spent EUR 16.6578
gemini-2.5-flash consumer_withdrawal_u5_need_db#r9: NEED_MORE_INFO (match=True P=1.00 R=1.00) spent EUR 16.6582
gemini-2.5-flash consumer_withdrawal_u7_trust_only#r9: ALLOW (match=False P=1.00 R=0.00) spent EUR 16.6586
gemini-2.5-flash land_tax_allow#r9: ALLOW (match=True P=1.00 R=1.00) spent EUR 16.6591
gemini-2.5-flash land_tax_allow_pensioner#r9: ALLOW (match=True P=1.00 R=1.00) spent EUR 16.6595
gemini-2.5-flash land_tax_allow_via_db#r9: ALLOW (match=True P=1.00 R=1.00) spent EUR 16.6600
gemini-2.5-flash land_tax_deny#r9: DENY (match=True P=1.00 R=1.00) spent EUR 16.6605
gemini-2.5-flash land_tax_deny_not_residential#r9: DENY (match=True P=1.00 R=1.00) spent EUR 16.6610
gemini-2.5-flash land_tax_need_db#r9: NEED_MORE_INFO (match=True P=1.00 R=1.00) spent EUR 16.6615
gemini-2.5-flash land_tax_u3_no_register#r9: NEED_MORE_INFO (match=True P=1.00 R=1.00) spent EUR 16.6621
gemini-2.5-flash land_tax_u7_trust_only#r9: ALLOW (match=False P=1.00 R=0.00) spent EUR 16.6626
gemini-2.5-flash journalism_allow#r9: ALLOW (match=True P=1.00 R=1.00) spent EUR 16.6629
gemini-2.5-flash journalism_allow_via_consent#r9: ALLOW (match=True P=1.00 R=1.00) spent EUR 16.6632
gemini-2.5-flash journalism_deny#r9: DENY (match=True P=1.00 R=1.00) spent EUR 16.6637
gemini-2.5-flash journalism_deny_no_basis#r9: DENY (match=True P=1.00 R=1.00) spent EUR 16.6640
gemini-2.5-flash journalism_need_user#r9: NEED_MORE_INFO (match=True P=0.67 R=1.00) spent EUR 16.6646
gemini-2.5-flash journalism_u3_no_register#r9: NEED_MORE_INFO (match=True P=1.00 R=1.00) spent EUR 16.6650
gemini-2.5-flash journalism_u5_need_db#r9: NEED_MORE_INFO (match=True P=1.00 R=1.00) spent EUR 16.6654
gemini-2.5-flash journalism_u7_trust_only#r9: ALLOW (match=False P=1.00 R=0.00) spent EUR 16.6657
gemini-2.5-flash building_permit_allow#r9: ALLOW (match=True P=1.00 R=1.00) spent EUR 16.6661
gemini-2.5-flash building_permit_allow_via_db#r9: ALLOW (match=True P=1.00 R=1.00) spent EUR 16.6665
gemini-2.5-flash building_permit_deny#r9: DENY (match=True P=1.00 R=1.00) spent EUR 16.6669
gemini-2.5-flash building_permit_deny_incompetent#r9: DENY (match=True P=1.00 R=1.00) spent EUR 16.6673
gemini-2.5-flash building_permit_deny_no_site_study#r9: DENY (match=True P=1.00 R=1.00) spent EUR 16.6678
gemini-2.5-flash building_permit_need_db#r9: NEED_MORE_INFO (match=True P=1.00 R=1.00) spent EUR 16.6682
gemini-2.5-flash building_permit_u3_no_register#r9: NEED_MORE_INFO (match=True P=1.00 R=1.00) spent EUR 16.6686
gemini-2.5-flash building_permit_u7_trust_only#r9: ALLOW (match=False P=1.00 R=0.00) spent EUR 16.6690
gemini-2.5-flash allow#r9: ALLOW (match=True P=1.00 R=1.00) spent EUR 16.6843
gemini-2.5-flash db-then-user#r9: NEED_MORE_INFO (match=True P=1.00 R=1.00) spent EUR 16.6996
gemini-2.5-flash deny#r9: DENY (match=True P=1.00 R=1.00) spent EUR 16.7150
gemini-2.5-flash need-db#r9: NEED_MORE_INFO (match=True P=1.00 R=1.00) spent EUR 16.7303
gemini-2.5-flash need-user#r9: NEED_MORE_INFO (match=True P=1.00 R=1.00) spent EUR 16.7457
gemini-2.5-flash prompt-swap#r9: ALLOW (match=True P=1.00 R=1.00) spent EUR 16.7610
gemini-2.5-flash unrelated-law#r9: ALLOW (match=True P=1.00 R=1.00) spent EUR 16.7663
gpt-5-mini civil_service_allow#r0: ALLOW (match=True P=1.00 R=1.00) spent EUR 16.7672
gpt-5-mini civil_service_allow_eu_path#r0: ALLOW (match=True P=1.00 R=1.00) spent EUR 16.7681
gpt-5-mini civil_service_deny#r0: DENY (match=True P=1.00 R=1.00) spent EUR 16.7688
gpt-5-mini civil_service_deny_no_citizenship#r0: DENY (match=True P=1.00 R=1.00) spent EUR 16.7703
gpt-5-mini civil_service_need_db#r0: NEED_MORE_INFO (match=True P=1.00 R=1.00) spent EUR 16.7714
gpt-5-mini civil_service_u3_no_register#r0: NEED_MORE_INFO (match=True P=1.00 R=1.00) spent EUR 16.7727
gpt-5-mini civil_service_u7_trust_only#r0: ALLOW (match=False P=1.00 R=0.00) spent EUR 16.7735
gpt-5-mini civil_service_u8_need_user#r0: NEED_MORE_INFO (match=True P=1.00 R=1.00) spent EUR 16.7747
gpt-5-mini consumer_withdrawal_allow#r0: ALLOW (match=True P=1.00 R=1.00) spent EUR 16.7754
gpt-5-mini consumer_withdrawal_allow_via_db#r0: ALLOW (match=True P=1.00 R=1.00) spent EUR 16.7761
gpt-5-mini consumer_withdrawal_deny#r0: DENY (match=True P=1.00 R=1.00) spent EUR 16.7770
gpt-5-mini consumer_withdrawal_deny_not_consumer#r0: DENY (match=True P=1.00 R=1.00) spent EUR 16.7781
gpt-5-mini consumer_withdrawal_need_user#r0: NEED_MORE_INFO (match=True P=1.00 R=1.00) spent EUR 16.7792
gpt-5-mini consumer_withdrawal_u3_no_register#r0: NEED_MORE_INFO (match=True P=1.00 R=1.00) spent EUR 16.7803
gpt-5-mini consumer_withdrawal_u5_need_db#r0: NEED_MORE_INFO (match=True P=1.00 R=1.00) spent EUR 16.7812
gpt-5-mini consumer_withdrawal_u7_trust_only#r0: ALLOW (match=False P=1.00 R=0.00) spent EUR 16.7821
gpt-5-mini land_tax_allow#r0: ALLOW (match=True P=1.00 R=1.00) spent EUR 16.7829
gpt-5-mini land_tax_allow_pensioner#r0: ALLOW (match=True P=1.00 R=1.00) spent EUR 16.7836
gpt-5-mini land_tax_allow_via_db#r0: ALLOW (match=True P=1.00 R=1.00) spent EUR 16.7846
gpt-5-mini land_tax_deny#r0: DENY (match=True P=1.00 R=1.00) spent EUR 16.7858
gpt-5-mini land_tax_deny_not_residential#r0: DENY (match=True P=1.00 R=1.00) spent EUR 16.7869
gpt-5-mini land_tax_need_db#r0: NEED_MORE_INFO (match=True P=1.00 R=1.00) spent EUR 16.7879
gpt-5-mini land_tax_u3_no_register#r0: NEED_MORE_INFO (match=True P=1.00 R=1.00) spent EUR 16.7889
gpt-5-mini land_tax_u7_trust_only#r0: ALLOW (match=False P=1.00 R=0.00) spent EUR 16.7899
gpt-5-mini journalism_allow#r0: ALLOW (match=True P=1.00 R=1.00) spent EUR 16.7907
gpt-5-mini journalism_allow_via_consent#r0: ALLOW (match=True P=1.00 R=1.00) spent EUR 16.7916
gpt-5-mini journalism_deny#r0: DENY (match=True P=1.00 R=1.00) spent EUR 16.7928
gpt-5-mini journalism_deny_no_basis#r0: DENY (match=True P=1.00 R=1.00) spent EUR 16.7940
gpt-5-mini journalism_need_user#r0: NEED_MORE_INFO (match=True P=1.00 R=1.00) spent EUR 16.7953
gpt-5-mini journalism_u3_no_register#r0: NEED_MORE_INFO (match=True P=1.00 R=1.00) spent EUR 16.7965
gpt-5-mini journalism_u5_need_db#r0: NEED_MORE_INFO (match=True P=1.00 R=1.00) spent EUR 16.7977
gpt-5-mini journalism_u7_trust_only#r0: ALLOW (match=False P=1.00 R=0.00) spent EUR 16.7984
gpt-5-mini building_permit_allow#r0: ALLOW (match=True P=1.00 R=1.00) spent EUR 16.7991
gpt-5-mini building_permit_allow_via_db#r0: ALLOW (match=True P=1.00 R=1.00) spent EUR 16.8000
gpt-5-mini building_permit_deny#r0: DENY (match=True P=1.00 R=1.00) spent EUR 16.8006
gpt-5-mini building_permit_deny_incompetent#r0: DENY (match=True P=1.00 R=1.00) spent EUR 16.8017
gpt-5-mini building_permit_deny_no_site_study#r0: DENY (match=True P=1.00 R=1.00) spent EUR 16.8027
gpt-5-mini building_permit_need_db#r0: NEED_MORE_INFO (match=True P=1.00 R=1.00) spent EUR 16.8036
gpt-5-mini building_permit_u3_no_register#r0: NEED_MORE_INFO (match=True P=1.00 R=1.00) spent EUR 16.8046
gpt-5-mini building_permit_u7_trust_only#r0: ALLOW (match=False P=1.00 R=0.00) spent EUR 16.8054
gpt-5-mini allow#r0: ALLOW (match=True P=1.00 R=1.00) spent EUR 16.8179
gpt-5-mini db-then-user#r0: NEED_MORE_INFO (match=True P=1.00 R=1.00) spent EUR 16.8305
gpt-5-mini deny#r0: DENY (match=True P=1.00 R=1.00) spent EUR 16.8425
gpt-5-mini need-db#r0: NEED_MORE_INFO (match=True P=1.00 R=1.00) spent EUR 16.8551
gpt-5-mini need-user#r0: NEED_MORE_INFO (match=True P=1.00 R=1.00) spent EUR 16.8675
gpt-5-mini prompt-swap#r0: ALLOW (match=True P=1.00 R=1.00) spent EUR 16.8799
gpt-5-mini unrelated-law#r0: ALLOW (match=True P=1.00 R=1.00) spent EUR 16.8847
gpt-5-mini civil_service_allow#r1: ALLOW (match=True P=1.00 R=1.00) spent EUR 16.8857
gpt-5-mini civil_service_allow_eu_path#r1: ALLOW (match=True P=1.00 R=1.00) spent EUR 16.8867
gpt-5-mini civil_service_deny#r1: DENY (match=True P=1.00 R=1.00) spent EUR 16.8873
gpt-5-mini civil_service_deny_no_citizenship#r1: DENY (match=True P=1.00 R=1.00) spent EUR 16.8887
gpt-5-mini civil_service_need_db#r1: NEED_MORE_INFO (match=True P=1.00 R=1.00) spent EUR 16.8898
gpt-5-mini civil_service_u3_no_register#r1: NEED_MORE_INFO (match=True P=1.00 R=1.00) spent EUR 16.8915
gpt-5-mini civil_service_u7_trust_only#r1: ALLOW (match=False P=1.00 R=0.00) spent EUR 16.8925
gpt-5-mini civil_service_u8_need_user#r1: NEED_MORE_INFO (match=True P=1.00 R=1.00) spent EUR 16.8935
gpt-5-mini consumer_withdrawal_allow#r1: ALLOW (match=True P=1.00 R=1.00) spent EUR 16.8943
gpt-5-mini consumer_withdrawal_allow_via_db#r1: ALLOW (match=True P=1.00 R=1.00) spent EUR 16.8950
gpt-5-mini consumer_withdrawal_deny#r1: DENY (match=True P=1.00 R=1.00) spent EUR 16.8957
gpt-5-mini consumer_withdrawal_deny_not_consumer#r1: DENY (match=True P=1.00 R=1.00) spent EUR 16.8969
gpt-5-mini consumer_withdrawal_need_user#r1: NEED_MORE_INFO (match=True P=1.00 R=1.00) spent EUR 16.8980
gpt-5-mini consumer_withdrawal_u3_no_register#r1: NEED_MORE_INFO (match=True P=1.00 R=1.00) spent EUR 16.8989
gpt-5-mini consumer_withdrawal_u5_need_db#r1: NEED_MORE_INFO (match=True P=1.00 R=1.00) spent EUR 16.8999
gpt-5-mini consumer_withdrawal_u7_trust_only#r1: ALLOW (match=False P=1.00 R=0.00) spent EUR 16.9007
gpt-5-mini land_tax_allow#r1: ALLOW (match=True P=1.00 R=1.00) spent EUR 16.9015
gpt-5-mini land_tax_allow_pensioner#r1: ALLOW (match=True P=1.00 R=1.00) spent EUR 16.9023
gpt-5-mini land_tax_allow_via_db#r1: ALLOW (match=True P=1.00 R=1.00) spent EUR 16.9031
gpt-5-mini land_tax_deny#r1: DENY (match=True P=1.00 R=1.00) spent EUR 16.9042
gpt-5-mini land_tax_deny_not_residential#r1: DENY (match=True P=1.00 R=1.00) spent EUR 16.9054
gpt-5-mini land_tax_need_db#r1: NEED_MORE_INFO (match=True P=1.00 R=1.00) spent EUR 16.9063
gpt-5-mini land_tax_u3_no_register#r1: NEED_MORE_INFO (match=True P=1.00 R=1.00) spent EUR 16.9075
gpt-5-mini land_tax_u7_trust_only#r1: ALLOW (match=False P=1.00 R=0.00) spent EUR 16.9084
gpt-5-mini journalism_allow#r1: ALLOW (match=True P=1.00 R=1.00) spent EUR 16.9092
gpt-5-mini journalism_allow_via_consent#r1: ALLOW (match=True P=1.00 R=1.00) spent EUR 16.9104
gpt-5-mini journalism_deny#r1: DENY (match=True P=1.00 R=1.00) spent EUR 16.9118
gpt-5-mini journalism_deny_no_basis#r1: DENY (match=True P=1.00 R=1.00) spent EUR 16.9130
gpt-5-mini journalism_need_user#r1: NEED_MORE_INFO (match=True P=1.00 R=1.00) spent EUR 16.9144
gpt-5-mini journalism_u3_no_register#r1: NEED_MORE_INFO (match=True P=1.00 R=1.00) spent EUR 16.9155
gpt-5-mini journalism_u5_need_db#r1: NEED_MORE_INFO (match=True P=1.00 R=1.00) spent EUR 16.9166
gpt-5-mini journalism_u7_trust_only#r1: ALLOW (match=False P=1.00 R=0.00) spent EUR 16.9177
gpt-5-mini building_permit_allow#r1: ALLOW (match=True P=1.00 R=1.00) spent EUR 16.9185
gpt-5-mini building_permit_allow_via_db#r1: ALLOW (match=True P=1.00 R=1.00) spent EUR 16.9194
gpt-5-mini building_permit_deny#r1: DENY (match=True P=1.00 R=1.00) spent EUR 16.9200
gpt-5-mini building_permit_deny_incompetent#r1: DENY (match=True P=1.00 R=1.00) spent EUR 16.9213
gpt-5-mini building_permit_deny_no_site_study#r1: DENY (match=True P=1.00 R=1.00) spent EUR 16.9227
gpt-5-mini building_permit_need_db#r1: NEED_MORE_INFO (match=True P=1.00 R=1.00) spent EUR 16.9237
gpt-5-mini building_permit_u3_no_register#r1: NEED_MORE_INFO (match=True P=1.00 R=1.00) spent EUR 16.9248
gpt-5-mini building_permit_u7_trust_only#r1: ALLOW (match=False P=1.00 R=0.00) spent EUR 16.9255
gpt-5-mini allow#r1: ALLOW (match=True P=1.00 R=1.00) spent EUR 16.9380
gpt-5-mini db-then-user#r1: NEED_MORE_INFO (match=True P=1.00 R=1.00) spent EUR 16.9508
gpt-5-mini deny#r1: DENY (match=True P=1.00 R=1.00) spent EUR 16.9631
gpt-5-mini need-db#r1: NEED_MORE_INFO (match=True P=1.00 R=1.00) spent EUR 16.9760
gpt-5-mini need-user#r1: NEED_MORE_INFO (match=True P=1.00 R=1.00) spent EUR 16.9887
gpt-5-mini prompt-swap#r1: ALLOW (match=True P=1.00 R=1.00) spent EUR 17.0011
gpt-5-mini unrelated-law#r1: ALLOW (match=True P=1.00 R=1.00) spent EUR 17.0058
gpt-5-mini civil_service_allow#r2: ALLOW (match=True P=1.00 R=1.00) spent EUR 17.0068
gpt-5-mini civil_service_allow_eu_path#r2: ALLOW (match=True P=1.00 R=1.00) spent EUR 17.0078
gpt-5-mini civil_service_deny#r2: DENY (match=True P=1.00 R=1.00) spent EUR 17.0085
gpt-5-mini civil_service_deny_no_citizenship#r2: DENY (match=True P=1.00 R=1.00) spent EUR 17.0098
gpt-5-mini civil_service_need_db#r2: NEED_MORE_INFO (match=True P=1.00 R=1.00) spent EUR 17.0109
gpt-5-mini civil_service_u3_no_register#r2: NEED_MORE_INFO (match=True P=1.00 R=1.00) spent EUR 17.0123
gpt-5-mini civil_service_u7_trust_only#r2: ALLOW (match=False P=1.00 R=0.00) spent EUR 17.0132
gpt-5-mini civil_service_u8_need_user#r2: NEED_MORE_INFO (match=True P=1.00 R=1.00) spent EUR 17.0143
gpt-5-mini consumer_withdrawal_allow#r2: ALLOW (match=True P=1.00 R=1.00) spent EUR 17.0151
gpt-5-mini consumer_withdrawal_allow_via_db#r2: ALLOW (match=True P=1.00 R=1.00) spent EUR 17.0159
gpt-5-mini consumer_withdrawal_deny#r2: DENY (match=True P=1.00 R=1.00) spent EUR 17.0166
gpt-5-mini consumer_withdrawal_deny_not_consumer#r2: DENY (match=True P=1.00 R=1.00) spent EUR 17.0179
gpt-5-mini consumer_withdrawal_need_user#r2: NEED_MORE_INFO (match=True P=1.00 R=1.00) spent EUR 17.0189
gpt-5-mini consumer_withdrawal_u3_no_register#r2: NEED_MORE_INFO (match=True P=1.00 R=1.00) spent EUR 17.0200
gpt-5-mini consumer_withdrawal_u5_need_db#r2: NEED_MORE_INFO (match=True P=1.00 R=1.00) spent EUR 17.0209
gpt-5-mini consumer_withdrawal_u7_trust_only#r2: ALLOW (match=False P=1.00 R=0.00) spent EUR 17.0216
gpt-5-mini land_tax_allow#r2: ALLOW (match=True P=1.00 R=1.00) spent EUR 17.0223
gpt-5-mini land_tax_allow_pensioner#r2: ALLOW (match=True P=1.00 R=1.00) spent EUR 17.0233
gpt-5-mini land_tax_allow_via_db#r2: ALLOW (match=True P=1.00 R=1.00) spent EUR 17.0242
gpt-5-mini land_tax_deny#r2: DENY (match=True P=1.00 R=1.00) spent EUR 17.0254
gpt-5-mini land_tax_deny_not_residential#r2: DENY (match=True P=1.00 R=1.00) spent EUR 17.0266
gpt-5-mini land_tax_need_db#r2: NEED_MORE_INFO (match=True P=1.00 R=1.00) spent EUR 17.0276
gpt-5-mini land_tax_u3_no_register#r2: NEED_MORE_INFO (match=True P=1.00 R=1.00) spent EUR 17.0287
gpt-5-mini land_tax_u7_trust_only#r2: ALLOW (match=False P=1.00 R=0.00) spent EUR 17.0296
gpt-5-mini journalism_allow#r2: ALLOW (match=True P=1.00 R=1.00) spent EUR 17.0303
gpt-5-mini journalism_allow_via_consent#r2: ALLOW (match=True P=1.00 R=1.00) spent EUR 17.0313
gpt-5-mini journalism_deny#r2: DENY (match=True P=1.00 R=1.00) spent EUR 17.0326
gpt-5-mini journalism_deny_no_basis#r2: DENY (match=True P=1.00 R=1.00) spent EUR 17.0340
gpt-5-mini journalism_need_user#r2: NEED_MORE_INFO (match=True P=1.00 R=1.00) spent EUR 17.0357
gpt-5-mini journalism_u3_no_register#r2: NEED_MORE_INFO (match=True P=1.00 R=1.00) spent EUR 17.0368
gpt-5-mini journalism_u5_need_db#r2: NEED_MORE_INFO (match=True P=1.00 R=1.00) spent EUR 17.0379
gpt-5-mini journalism_u7_trust_only#r2: ALLOW (match=False P=1.00 R=0.00) spent EUR 17.0389
gpt-5-mini building_permit_allow#r2: ALLOW (match=True P=1.00 R=1.00) spent EUR 17.0395
gpt-5-mini building_permit_allow_via_db#r2: ALLOW (match=True P=1.00 R=1.00) spent EUR 17.0404
gpt-5-mini building_permit_deny#r2: DENY (match=True P=1.00 R=1.00) spent EUR 17.0411
gpt-5-mini building_permit_deny_incompetent#r2: DENY (match=True P=1.00 R=1.00) spent EUR 17.0424
gpt-5-mini building_permit_deny_no_site_study#r2: DENY (match=True P=1.00 R=1.00) spent EUR 17.0437
gpt-5-mini building_permit_need_db#r2: NEED_MORE_INFO (match=True P=1.00 R=1.00) spent EUR 17.0446
gpt-5-mini building_permit_u3_no_register#r2: NEED_MORE_INFO (match=True P=1.00 R=1.00) spent EUR 17.0455
gpt-5-mini building_permit_u7_trust_only#r2: ALLOW (match=False P=1.00 R=0.00) spent EUR 17.0463
gpt-5-mini allow#r2: ALLOW (match=True P=1.00 R=1.00) spent EUR 17.0586
gpt-5-mini db-then-user#r2: NEED_MORE_INFO (match=True P=1.00 R=1.00) spent EUR 17.0717
gpt-5-mini deny#r2: DENY (match=True P=1.00 R=1.00) spent EUR 17.0841
gpt-5-mini need-db#r2: NEED_MORE_INFO (match=True P=1.00 R=1.00) spent EUR 17.0968
gpt-5-mini need-user#r2: NEED_MORE_INFO (match=True P=1.00 R=1.00) spent EUR 17.1092
gpt-5-mini prompt-swap#r2: ALLOW (match=True P=1.00 R=1.00) spent EUR 17.1215
gpt-5-mini unrelated-law#r2: ALLOW (match=True P=1.00 R=1.00) spent EUR 17.1262
gpt-5-mini civil_service_allow#r3: ALLOW (match=True P=1.00 R=1.00) spent EUR 17.1272
gpt-5-mini civil_service_allow_eu_path#r3: ALLOW (match=True P=1.00 R=1.00) spent EUR 17.1281
gpt-5-mini civil_service_deny#r3: DENY (match=True P=1.00 R=1.00) spent EUR 17.1287
gpt-5-mini civil_service_deny_no_citizenship#r3: DENY (match=True P=1.00 R=1.00) spent EUR 17.1300
gpt-5-mini civil_service_need_db#r3: NEED_MORE_INFO (match=True P=1.00 R=1.00) spent EUR 17.1312
gpt-5-mini civil_service_u3_no_register#r3: NEED_MORE_INFO (match=True P=1.00 R=1.00) spent EUR 17.1328
gpt-5-mini civil_service_u7_trust_only#r3: ALLOW (match=False P=1.00 R=0.00) spent EUR 17.1337
gpt-5-mini civil_service_u8_need_user#r3: NEED_MORE_INFO (match=True P=1.00 R=1.00) spent EUR 17.1348
gpt-5-mini consumer_withdrawal_allow#r3: ALLOW (match=True P=1.00 R=1.00) spent EUR 17.1356
gpt-5-mini consumer_withdrawal_allow_via_db#r3: ALLOW (match=True P=1.00 R=1.00) spent EUR 17.1363
gpt-5-mini consumer_withdrawal_deny#r3: DENY (match=True P=1.00 R=1.00) spent EUR 17.1371
gpt-5-mini consumer_withdrawal_deny_not_consumer#r3: DENY (match=True P=1.00 R=1.00) spent EUR 17.1382
gpt-5-mini consumer_withdrawal_need_user#r3: NEED_MORE_INFO (match=True P=1.00 R=1.00) spent EUR 17.1393
gpt-5-mini consumer_withdrawal_u3_no_register#r3: NEED_MORE_INFO (match=True P=1.00 R=1.00) spent EUR 17.1404
gpt-5-mini consumer_withdrawal_u5_need_db#r3: NEED_MORE_INFO (match=True P=1.00 R=1.00) spent EUR 17.1413
gpt-5-mini consumer_withdrawal_u7_trust_only#r3: ALLOW (match=False P=1.00 R=0.00) spent EUR 17.1420
gpt-5-mini land_tax_allow#r3: ALLOW (match=True P=1.00 R=1.00) spent EUR 17.1428
gpt-5-mini land_tax_allow_pensioner#r3: ALLOW (match=True P=1.00 R=1.00) spent EUR 17.1438
gpt-5-mini land_tax_allow_via_db#r3: ALLOW (match=True P=1.00 R=1.00) spent EUR 17.1446
gpt-5-mini land_tax_deny#r3: DENY (match=True P=1.00 R=1.00) spent EUR 17.1459
gpt-5-mini land_tax_deny_not_residential#r3: DENY (match=True P=1.00 R=1.00) spent EUR 17.1470
gpt-5-mini land_tax_need_db#r3: NEED_MORE_INFO (match=True P=1.00 R=1.00) spent EUR 17.1480
gpt-5-mini land_tax_u3_no_register#r3: NEED_MORE_INFO (match=True P=1.00 R=1.00) spent EUR 17.1490
gpt-5-mini land_tax_u7_trust_only#r3: ALLOW (match=False P=1.00 R=0.00) spent EUR 17.1500
gpt-5-mini journalism_allow#r3: ALLOW (match=True P=1.00 R=1.00) spent EUR 17.1508
gpt-5-mini journalism_allow_via_consent#r3: ALLOW (match=True P=1.00 R=1.00) spent EUR 17.1517
gpt-5-mini journalism_deny#r3: DENY (match=True P=1.00 R=1.00) spent EUR 17.1528
gpt-5-mini journalism_deny_no_basis#r3: DENY (match=True P=1.00 R=1.00) spent EUR 17.1543
gpt-5-mini journalism_need_user#r3: NEED_MORE_INFO (match=True P=1.00 R=1.00) spent EUR 17.1560
gpt-5-mini journalism_u3_no_register#r3: NEED_MORE_INFO (match=True P=1.00 R=1.00) spent EUR 17.1573
gpt-5-mini journalism_u5_need_db#r3: NEED_MORE_INFO (match=True P=1.00 R=1.00) spent EUR 17.1585
gpt-5-mini journalism_u7_trust_only#r3: ALLOW (match=False P=1.00 R=0.00) spent EUR 17.1595
gpt-5-mini building_permit_allow#r3: ALLOW (match=True P=1.00 R=1.00) spent EUR 17.1602
gpt-5-mini building_permit_allow_via_db#r3: ALLOW (match=True P=1.00 R=1.00) spent EUR 17.1610
gpt-5-mini building_permit_deny#r3: DENY (match=True P=1.00 R=1.00) spent EUR 17.1618
gpt-5-mini building_permit_deny_incompetent#r3: DENY (match=True P=1.00 R=1.00) spent EUR 17.1630
gpt-5-mini building_permit_deny_no_site_study#r3: DENY (match=True P=1.00 R=1.00) spent EUR 17.1641
gpt-5-mini building_permit_need_db#r3: NEED_MORE_INFO (match=True P=1.00 R=1.00) spent EUR 17.1650
gpt-5-mini building_permit_u3_no_register#r3: NEED_MORE_INFO (match=True P=1.00 R=1.00) spent EUR 17.1660
gpt-5-mini building_permit_u7_trust_only#r3: ALLOW (match=False P=1.00 R=0.00) spent EUR 17.1669
gpt-5-mini allow#r3: ALLOW (match=True P=1.00 R=1.00) spent EUR 17.1792
gpt-5-mini db-then-user#r3: NEED_MORE_INFO (match=True P=1.00 R=1.00) spent EUR 17.1919
gpt-5-mini deny#r3: DENY (match=True P=1.00 R=1.00) spent EUR 17.2039
gpt-5-mini need-db#r3: NEED_MORE_INFO (match=True P=1.00 R=1.00) spent EUR 17.2167
gpt-5-mini need-user#r3: NEED_MORE_INFO (match=True P=1.00 R=1.00) spent EUR 17.2294
gpt-5-mini prompt-swap#r3: ALLOW (match=True P=1.00 R=1.00) spent EUR 17.2418
gpt-5-mini unrelated-law#r3: ALLOW (match=True P=1.00 R=1.00) spent EUR 17.2467
gpt-5-mini civil_service_allow#r4: ALLOW (match=True P=1.00 R=1.00) spent EUR 17.2477
gpt-5-mini civil_service_allow_eu_path#r4: ALLOW (match=True P=1.00 R=1.00) spent EUR 17.2487
gpt-5-mini civil_service_deny#r4: DENY (match=True P=1.00 R=1.00) spent EUR 17.2494
gpt-5-mini civil_service_deny_no_citizenship#r4: DENY (match=True P=1.00 R=1.00) spent EUR 17.2507
gpt-5-mini civil_service_need_db#r4: NEED_MORE_INFO (match=True P=1.00 R=1.00) spent EUR 17.2520
gpt-5-mini civil_service_u3_no_register#r4: NEED_MORE_INFO (match=True P=1.00 R=1.00) spent EUR 17.2535
gpt-5-mini civil_service_u7_trust_only#r4: ALLOW (match=False P=1.00 R=0.00) spent EUR 17.2545
gpt-5-mini civil_service_u8_need_user#r4: NEED_MORE_INFO (match=True P=1.00 R=1.00) spent EUR 17.2557
gpt-5-mini consumer_withdrawal_allow#r4: ALLOW (match=True P=1.00 R=1.00) spent EUR 17.2564
gpt-5-mini consumer_withdrawal_allow_via_db#r4: ALLOW (match=True P=1.00 R=1.00) spent EUR 17.2572
gpt-5-mini consumer_withdrawal_deny#r4: DENY (match=True P=1.00 R=1.00) spent EUR 17.2581
gpt-5-mini consumer_withdrawal_deny_not_consumer#r4: DENY (match=True P=1.00 R=1.00) spent EUR 17.2592
gpt-5-mini consumer_withdrawal_need_user#r4: NEED_MORE_INFO (match=True P=1.00 R=1.00) spent EUR 17.2603
gpt-5-mini consumer_withdrawal_u3_no_register#r4: NEED_MORE_INFO (match=True P=1.00 R=1.00) spent EUR 17.2614
gpt-5-mini consumer_withdrawal_u5_need_db#r4: NEED_MORE_INFO (match=True P=1.00 R=1.00) spent EUR 17.2624
gpt-5-mini consumer_withdrawal_u7_trust_only#r4: ALLOW (match=False P=1.00 R=0.00) spent EUR 17.2632
gpt-5-mini land_tax_allow#r4: ALLOW (match=True P=1.00 R=1.00) spent EUR 17.2640
gpt-5-mini land_tax_allow_pensioner#r4: ALLOW (match=True P=1.00 R=1.00) spent EUR 17.2649
gpt-5-mini land_tax_allow_via_db#r4: ALLOW (match=True P=1.00 R=1.00) spent EUR 17.2657
gpt-5-mini land_tax_deny#r4: DENY (match=True P=1.00 R=1.00) spent EUR 17.2668
gpt-5-mini land_tax_deny_not_residential#r4: DENY (match=True P=1.00 R=1.00) spent EUR 17.2682
gpt-5-mini land_tax_need_db#r4: NEED_MORE_INFO (match=True P=1.00 R=1.00) spent EUR 17.2691
gpt-5-mini land_tax_u3_no_register#r4: NEED_MORE_INFO (match=True P=1.00 R=1.00) spent EUR 17.2701
gpt-5-mini land_tax_u7_trust_only#r4: ALLOW (match=False P=1.00 R=0.00) spent EUR 17.2711
gpt-5-mini journalism_allow#r4: ALLOW (match=True P=1.00 R=1.00) spent EUR 17.2719
gpt-5-mini journalism_allow_via_consent#r4: ALLOW (match=True P=1.00 R=1.00) spent EUR 17.2729
gpt-5-mini journalism_deny#r4: DENY (match=True P=1.00 R=1.00) spent EUR 17.2746
gpt-5-mini journalism_deny_no_basis#r4: DENY (match=True P=1.00 R=1.00) spent EUR 17.2757
gpt-5-mini journalism_need_user#r4: NEED_MORE_INFO (match=True P=1.00 R=1.00) spent EUR 17.2772
gpt-5-mini journalism_u3_no_register#r4: NEED_MORE_INFO (match=True P=1.00 R=1.00) spent EUR 17.2785
gpt-5-mini journalism_u5_need_db#r4: NEED_MORE_INFO (match=True P=1.00 R=1.00) spent EUR 17.2797
gpt-5-mini journalism_u7_trust_only#r4: ALLOW (match=False P=1.00 R=0.00) spent EUR 17.2807
gpt-5-mini building_permit_allow#r4: ALLOW (match=True P=1.00 R=1.00) spent EUR 17.2814
gpt-5-mini building_permit_allow_via_db#r4: ALLOW (match=True P=1.00 R=1.00) spent EUR 17.2822
gpt-5-mini building_permit_deny#r4: DENY (match=True P=1.00 R=1.00) spent EUR 17.2828
gpt-5-mini building_permit_deny_incompetent#r4: DENY (match=True P=1.00 R=1.00) spent EUR 17.2843
gpt-5-mini building_permit_deny_no_site_study#r4: DENY (match=True P=1.00 R=1.00) spent EUR 17.2856
gpt-5-mini building_permit_need_db#r4: NEED_MORE_INFO (match=True P=1.00 R=1.00) spent EUR 17.2866
gpt-5-mini building_permit_u3_no_register#r4: NEED_MORE_INFO (match=True P=1.00 R=1.00) spent EUR 17.2875
gpt-5-mini building_permit_u7_trust_only#r4: ALLOW (match=False P=1.00 R=0.00) spent EUR 17.2883
gpt-5-mini allow#r4: ALLOW (match=True P=1.00 R=1.00) spent EUR 17.3007
gpt-5-mini db-then-user#r4: NEED_MORE_INFO (match=True P=1.00 R=1.00) spent EUR 17.3136
gpt-5-mini deny#r4: DENY (match=True P=1.00 R=1.00) spent EUR 17.3255
gpt-5-mini need-db#r4: NEED_MORE_INFO (match=True P=1.00 R=1.00) spent EUR 17.3385
gpt-5-mini need-user#r4: NEED_MORE_INFO (match=True P=1.00 R=1.00) spent EUR 17.3511
gpt-5-mini prompt-swap#r4: ALLOW (match=True P=1.00 R=1.00) spent EUR 17.3634
gpt-5-mini unrelated-law#r4: ALLOW (match=True P=1.00 R=1.00) spent EUR 17.3683
gpt-5-mini civil_service_allow#r5: ALLOW (match=True P=1.00 R=1.00) spent EUR 17.3692
gpt-5-mini civil_service_allow_eu_path#r5: ALLOW (match=True P=1.00 R=1.00) spent EUR 17.3702
gpt-5-mini civil_service_deny#r5: DENY (match=True P=1.00 R=1.00) spent EUR 17.3713
gpt-5-mini civil_service_deny_no_citizenship#r5: DENY (match=True P=1.00 R=1.00) spent EUR 17.3729
gpt-5-mini civil_service_need_db#r5: NEED_MORE_INFO (match=True P=1.00 R=1.00) spent EUR 17.3741
gpt-5-mini civil_service_u3_no_register#r5: NEED_MORE_INFO (match=True P=1.00 R=1.00) spent EUR 17.3754
gpt-5-mini civil_service_u7_trust_only#r5: ALLOW (match=False P=1.00 R=0.00) spent EUR 17.3763
gpt-5-mini civil_service_u8_need_user#r5: NEED_MORE_INFO (match=True P=1.00 R=1.00) spent EUR 17.3775
gpt-5-mini consumer_withdrawal_allow#r5: ALLOW (match=True P=1.00 R=1.00) spent EUR 17.3781
gpt-5-mini consumer_withdrawal_allow_via_db#r5: ALLOW (match=True P=1.00 R=1.00) spent EUR 17.3790
gpt-5-mini consumer_withdrawal_deny#r5: DENY (match=True P=1.00 R=1.00) spent EUR 17.3797
gpt-5-mini consumer_withdrawal_deny_not_consumer#r5: DENY (match=True P=1.00 R=1.00) spent EUR 17.3810
gpt-5-mini consumer_withdrawal_need_user#r5: NEED_MORE_INFO (match=True P=1.00 R=1.00) spent EUR 17.3820
gpt-5-mini consumer_withdrawal_u3_no_register#r5: NEED_MORE_INFO (match=True P=1.00 R=1.00) spent EUR 17.3830
gpt-5-mini consumer_withdrawal_u5_need_db#r5: NEED_MORE_INFO (match=True P=1.00 R=1.00) spent EUR 17.3840
gpt-5-mini consumer_withdrawal_u7_trust_only#r5: ALLOW (match=False P=1.00 R=0.00) spent EUR 17.3847
gpt-5-mini land_tax_allow#r5: ALLOW (match=True P=1.00 R=1.00) spent EUR 17.3855
gpt-5-mini land_tax_allow_pensioner#r5: ALLOW (match=True P=1.00 R=1.00) spent EUR 17.3862
gpt-5-mini land_tax_allow_via_db#r5: ALLOW (match=True P=1.00 R=1.00) spent EUR 17.3871
gpt-5-mini land_tax_deny#r5: DENY (match=True P=1.00 R=1.00) spent EUR 17.3882
gpt-5-mini land_tax_deny_not_residential#r5: DENY (match=True P=1.00 R=1.00) spent EUR 17.3895
gpt-5-mini land_tax_need_db#r5: NEED_MORE_INFO (match=True P=1.00 R=1.00) spent EUR 17.3906
gpt-5-mini land_tax_u3_no_register#r5: NEED_MORE_INFO (match=True P=1.00 R=1.00) spent EUR 17.3917
gpt-5-mini land_tax_u7_trust_only#r5: ALLOW (match=False P=1.00 R=0.00) spent EUR 17.3927
gpt-5-mini journalism_allow#r5: ALLOW (match=True P=1.00 R=1.00) spent EUR 17.3936
gpt-5-mini journalism_allow_via_consent#r5: ALLOW (match=True P=1.00 R=1.00) spent EUR 17.3944
gpt-5-mini journalism_deny#r5: DENY (match=True P=1.00 R=1.00) spent EUR 17.3956
gpt-5-mini journalism_deny_no_basis#r5: DENY (match=True P=1.00 R=1.00) spent EUR 17.3968
gpt-5-mini journalism_need_user#r5: NEED_MORE_INFO (match=True P=1.00 R=1.00) spent EUR 17.3983
gpt-5-mini journalism_u3_no_register#r5: NEED_MORE_INFO (match=True P=1.00 R=1.00) spent EUR 17.3995
gpt-5-mini journalism_u5_need_db#r5: NEED_MORE_INFO (match=True P=1.00 R=1.00) spent EUR 17.4008
gpt-5-mini journalism_u7_trust_only#r5: ALLOW (match=False P=1.00 R=0.00) spent EUR 17.4015
gpt-5-mini building_permit_allow#r5: ALLOW (match=True P=1.00 R=1.00) spent EUR 17.4022
gpt-5-mini building_permit_allow_via_db#r5: ALLOW (match=True P=1.00 R=1.00) spent EUR 17.4030
gpt-5-mini building_permit_deny#r5: DENY (match=True P=1.00 R=1.00) spent EUR 17.4036
gpt-5-mini building_permit_deny_incompetent#r5: DENY (match=True P=1.00 R=1.00) spent EUR 17.4047
gpt-5-mini building_permit_deny_no_site_study#r5: DENY (match=True P=1.00 R=1.00) spent EUR 17.4061
gpt-5-mini building_permit_need_db#r5: NEED_MORE_INFO (match=True P=1.00 R=1.00) spent EUR 17.4070
gpt-5-mini building_permit_u3_no_register#r5: NEED_MORE_INFO (match=True P=1.00 R=1.00) spent EUR 17.4080
gpt-5-mini building_permit_u7_trust_only#r5: ALLOW (match=False P=1.00 R=0.00) spent EUR 17.4086
gpt-5-mini allow#r5: ALLOW (match=True P=1.00 R=1.00) spent EUR 17.4211
gpt-5-mini db-then-user#r5: NEED_MORE_INFO (match=True P=1.00 R=1.00) spent EUR 17.4339
gpt-5-mini deny#r5: DENY (match=True P=1.00 R=1.00) spent EUR 17.4462
gpt-5-mini need-db#r5: NEED_MORE_INFO (match=True P=1.00 R=1.00) spent EUR 17.4588
gpt-5-mini need-user#r5: NEED_MORE_INFO (match=True P=1.00 R=1.00) spent EUR 17.4712
gpt-5-mini prompt-swap#r5: ALLOW (match=True P=1.00 R=1.00) spent EUR 17.4836
gpt-5-mini unrelated-law#r5: ALLOW (match=True P=1.00 R=1.00) spent EUR 17.4883
gpt-5-mini civil_service_allow#r6: ALLOW (match=True P=1.00 R=1.00) spent EUR 17.4892
gpt-5-mini civil_service_allow_eu_path#r6: ALLOW (match=True P=1.00 R=1.00) spent EUR 17.4902
gpt-5-mini civil_service_deny#r6: DENY (match=True P=1.00 R=1.00) spent EUR 17.4911
gpt-5-mini civil_service_deny_no_citizenship#r6: DENY (match=True P=1.00 R=1.00) spent EUR 17.4925
gpt-5-mini civil_service_need_db#r6: NEED_MORE_INFO (match=True P=1.00 R=1.00) spent EUR 17.4937
gpt-5-mini civil_service_u3_no_register#r6: NEED_MORE_INFO (match=True P=1.00 R=1.00) spent EUR 17.4950
gpt-5-mini civil_service_u7_trust_only#r6: ALLOW (match=False P=1.00 R=0.00) spent EUR 17.4959
gpt-5-mini civil_service_u8_need_user#r6: NEED_MORE_INFO (match=True P=1.00 R=1.00) spent EUR 17.4970
gpt-5-mini consumer_withdrawal_allow#r6: ALLOW (match=True P=1.00 R=1.00) spent EUR 17.4976
gpt-5-mini consumer_withdrawal_allow_via_db#r6: ALLOW (match=True P=1.00 R=1.00) spent EUR 17.4984
gpt-5-mini consumer_withdrawal_deny#r6: DENY (match=True P=1.00 R=1.00) spent EUR 17.4992
gpt-5-mini consumer_withdrawal_deny_not_consumer#r6: DENY (match=True P=1.00 R=1.00) spent EUR 17.5005
gpt-5-mini consumer_withdrawal_need_user#r6: NEED_MORE_INFO (match=True P=1.00 R=1.00) spent EUR 17.5016
gpt-5-mini consumer_withdrawal_u3_no_register#r6: NEED_MORE_INFO (match=True P=1.00 R=1.00) spent EUR 17.5026
gpt-5-mini consumer_withdrawal_u5_need_db#r6: NEED_MORE_INFO (match=True P=1.00 R=1.00) spent EUR 17.5036
gpt-5-mini consumer_withdrawal_u7_trust_only#r6: ALLOW (match=False P=1.00 R=0.00) spent EUR 17.5044
gpt-5-mini land_tax_allow#r6: ALLOW (match=True P=1.00 R=1.00) spent EUR 17.5053
gpt-5-mini land_tax_allow_pensioner#r6: ALLOW (match=True P=1.00 R=1.00) spent EUR 17.5061
gpt-5-mini land_tax_allow_via_db#r6: ALLOW (match=True P=1.00 R=1.00) spent EUR 17.5069
gpt-5-mini land_tax_deny#r6: DENY (match=True P=1.00 R=1.00) spent EUR 17.5081
gpt-5-mini land_tax_deny_not_residential#r6: DENY (match=True P=1.00 R=1.00) spent EUR 17.5093
gpt-5-mini land_tax_need_db#r6: NEED_MORE_INFO (match=True P=1.00 R=1.00) spent EUR 17.5103
gpt-5-mini land_tax_u3_no_register#r6: NEED_MORE_INFO (match=True P=1.00 R=1.00) spent EUR 17.5114
gpt-5-mini land_tax_u7_trust_only#r6: ALLOW (match=False P=1.00 R=0.00) spent EUR 17.5123
gpt-5-mini journalism_allow#r6: ALLOW (match=True P=1.00 R=1.00) spent EUR 17.5131
gpt-5-mini journalism_allow_via_consent#r6: ALLOW (match=True P=1.00 R=1.00) spent EUR 17.5141
gpt-5-mini journalism_deny#r6: DENY (match=True P=1.00 R=1.00) spent EUR 17.5154
gpt-5-mini journalism_deny_no_basis#r6: DENY (match=True P=1.00 R=1.00) spent EUR 17.5168
gpt-5-mini journalism_need_user#r6: NEED_MORE_INFO (match=True P=1.00 R=1.00) spent EUR 17.5180
gpt-5-mini journalism_u3_no_register#r6: NEED_MORE_INFO (match=True P=1.00 R=1.00) spent EUR 17.5193
gpt-5-mini journalism_u5_need_db#r6: NEED_MORE_INFO (match=True P=1.00 R=1.00) spent EUR 17.5203
gpt-5-mini journalism_u7_trust_only#r6: ALLOW (match=False P=1.00 R=0.00) spent EUR 17.5214
gpt-5-mini building_permit_allow#r6: ALLOW (match=True P=1.00 R=1.00) spent EUR 17.5221
gpt-5-mini building_permit_allow_via_db#r6: ALLOW (match=True P=1.00 R=1.00) spent EUR 17.5229
gpt-5-mini building_permit_deny#r6: DENY (match=True P=1.00 R=1.00) spent EUR 17.5235
gpt-5-mini building_permit_deny_incompetent#r6: DENY (match=True P=1.00 R=1.00) spent EUR 17.5246
gpt-5-mini building_permit_deny_no_site_study#r6: DENY (match=True P=1.00 R=1.00) spent EUR 17.5259
gpt-5-mini building_permit_need_db#r6: NEED_MORE_INFO (match=True P=1.00 R=1.00) spent EUR 17.5270
gpt-5-mini building_permit_u3_no_register#r6: NEED_MORE_INFO (match=True P=1.00 R=1.00) spent EUR 17.5279
gpt-5-mini building_permit_u7_trust_only#r6: ALLOW (match=False P=1.00 R=0.00) spent EUR 17.5287
gpt-5-mini allow#r6: ALLOW (match=True P=1.00 R=1.00) spent EUR 17.5410
gpt-5-mini db-then-user#r6: NEED_MORE_INFO (match=True P=1.00 R=1.00) spent EUR 17.5537
gpt-5-mini deny#r6: DENY (match=True P=1.00 R=1.00) spent EUR 17.5661
gpt-5-mini need-db#r6: NEED_MORE_INFO (match=True P=1.00 R=1.00) spent EUR 17.5789
gpt-5-mini need-user#r6: NEED_MORE_INFO (match=True P=1.00 R=1.00) spent EUR 17.5913
gpt-5-mini prompt-swap#r6: ALLOW (match=True P=1.00 R=1.00) spent EUR 17.6036
gpt-5-mini unrelated-law#r6: ALLOW (match=True P=1.00 R=1.00) spent EUR 17.6085
gpt-5-mini civil_service_allow#r7: ALLOW (match=True P=1.00 R=1.00) spent EUR 17.6096
gpt-5-mini civil_service_allow_eu_path#r7: ALLOW (match=True P=1.00 R=1.00) spent EUR 17.6105
gpt-5-mini civil_service_deny#r7: DENY (match=True P=1.00 R=1.00) spent EUR 17.6112
gpt-5-mini civil_service_deny_no_citizenship#r7: DENY (match=True P=1.00 R=1.00) spent EUR 17.6129
gpt-5-mini civil_service_need_db#r7: NEED_MORE_INFO (match=True P=1.00 R=1.00) spent EUR 17.6141
gpt-5-mini civil_service_u3_no_register#r7: NEED_MORE_INFO (match=True P=1.00 R=1.00) spent EUR 17.6153
gpt-5-mini civil_service_u7_trust_only#r7: ALLOW (match=False P=1.00 R=0.00) spent EUR 17.6163
gpt-5-mini civil_service_u8_need_user#r7: NEED_MORE_INFO (match=True P=1.00 R=1.00) spent EUR 17.6176
gpt-5-mini consumer_withdrawal_allow#r7: ALLOW (match=True P=1.00 R=1.00) spent EUR 17.6184
gpt-5-mini consumer_withdrawal_allow_via_db#r7: ALLOW (match=True P=1.00 R=1.00) spent EUR 17.6191
gpt-5-mini consumer_withdrawal_deny#r7: DENY (match=True P=1.00 R=1.00) spent EUR 17.6199
gpt-5-mini consumer_withdrawal_deny_not_consumer#r7: DENY (match=True P=1.00 R=1.00) spent EUR 17.6211
gpt-5-mini consumer_withdrawal_need_user#r7: NEED_MORE_INFO (match=True P=1.00 R=1.00) spent EUR 17.6222
gpt-5-mini consumer_withdrawal_u3_no_register#r7: NEED_MORE_INFO (match=True P=1.00 R=1.00) spent EUR 17.6231
gpt-5-mini consumer_withdrawal_u5_need_db#r7: NEED_MORE_INFO (match=True P=1.00 R=1.00) spent EUR 17.6241
gpt-5-mini consumer_withdrawal_u7_trust_only#r7: ALLOW (match=False P=1.00 R=0.00) spent EUR 17.6249
gpt-5-mini land_tax_allow#r7: ALLOW (match=True P=1.00 R=1.00) spent EUR 17.6258
gpt-5-mini land_tax_allow_pensioner#r7: ALLOW (match=True P=1.00 R=1.00) spent EUR 17.6267
gpt-5-mini land_tax_allow_via_db#r7: ALLOW (match=True P=1.00 R=1.00) spent EUR 17.6275
gpt-5-mini land_tax_deny#r7: DENY (match=True P=1.00 R=1.00) spent EUR 17.6289
gpt-5-mini land_tax_deny_not_residential#r7: DENY (match=True P=1.00 R=1.00) spent EUR 17.6300
gpt-5-mini land_tax_need_db#r7: NEED_MORE_INFO (match=True P=1.00 R=1.00) spent EUR 17.6312
gpt-5-mini land_tax_u3_no_register#r7: NEED_MORE_INFO (match=True P=1.00 R=1.00) spent EUR 17.6321
gpt-5-mini land_tax_u7_trust_only#r7: ALLOW (match=False P=1.00 R=0.00) spent EUR 17.6331
gpt-5-mini journalism_allow#r7: ALLOW (match=True P=1.00 R=1.00) spent EUR 17.6340
gpt-5-mini journalism_allow_via_consent#r7: ALLOW (match=True P=1.00 R=1.00) spent EUR 17.6352
gpt-5-mini journalism_deny#r7: DENY (match=True P=1.00 R=1.00) spent EUR 17.6363
gpt-5-mini journalism_deny_no_basis#r7: DENY (match=True P=1.00 R=1.00) spent EUR 17.6377
gpt-5-mini journalism_need_user#r7: NEED_MORE_INFO (match=True P=1.00 R=1.00) spent EUR 17.6393
gpt-5-mini journalism_u3_no_register#r7: NEED_MORE_INFO (match=True P=1.00 R=1.00) spent EUR 17.6403
gpt-5-mini journalism_u5_need_db#r7: NEED_MORE_INFO (match=True P=1.00 R=1.00) spent EUR 17.6416
gpt-5-mini journalism_u7_trust_only#r7: ALLOW (match=False P=1.00 R=0.00) spent EUR 17.6424
gpt-5-mini building_permit_allow#r7: ALLOW (match=True P=1.00 R=1.00) spent EUR 17.6431
gpt-5-mini building_permit_allow_via_db#r7: ALLOW (match=True P=1.00 R=1.00) spent EUR 17.6440
gpt-5-mini building_permit_deny#r7: DENY (match=True P=1.00 R=1.00) spent EUR 17.6447
gpt-5-mini building_permit_deny_incompetent#r7: DENY (match=True P=1.00 R=1.00) spent EUR 17.6459
gpt-5-mini building_permit_deny_no_site_study#r7: DENY (match=True P=1.00 R=1.00) spent EUR 17.6471
gpt-5-mini building_permit_need_db#r7: NEED_MORE_INFO (match=True P=1.00 R=1.00) spent EUR 17.6481
gpt-5-mini building_permit_u3_no_register#r7: NEED_MORE_INFO (match=True P=1.00 R=1.00) spent EUR 17.6491
gpt-5-mini building_permit_u7_trust_only#r7: ALLOW (match=False P=1.00 R=0.00) spent EUR 17.6498
gpt-5-mini allow#r7: ALLOW (match=True P=1.00 R=1.00) spent EUR 17.6622
gpt-5-mini db-then-user#r7: NEED_MORE_INFO (match=True P=1.00 R=1.00) spent EUR 17.6749
gpt-5-mini deny#r7: DENY (match=True P=1.00 R=1.00) spent EUR 17.6871
gpt-5-mini need-db#r7: NEED_MORE_INFO (match=True P=1.00 R=1.00) spent EUR 17.6999
gpt-5-mini need-user#r7: NEED_MORE_INFO (match=True P=1.00 R=1.00) spent EUR 17.7126
gpt-5-mini prompt-swap#r7: ALLOW (match=True P=1.00 R=1.00) spent EUR 17.7250
gpt-5-mini unrelated-law#r7: ALLOW (match=True P=1.00 R=1.00) spent EUR 17.7298
gpt-5-mini civil_service_allow#r8: ALLOW (match=True P=1.00 R=1.00) spent EUR 17.7307
gpt-5-mini civil_service_allow_eu_path#r8: ALLOW (match=True P=1.00 R=1.00) spent EUR 17.7317
gpt-5-mini civil_service_deny#r8: DENY (match=True P=1.00 R=1.00) spent EUR 17.7328
gpt-5-mini civil_service_deny_no_citizenship#r8: DENY (match=True P=1.00 R=1.00) spent EUR 17.7345
gpt-5-mini civil_service_need_db#r8: NEED_MORE_INFO (match=True P=1.00 R=1.00) spent EUR 17.7356
gpt-5-mini civil_service_u3_no_register#r8: NEED_MORE_INFO (match=True P=1.00 R=1.00) spent EUR 17.7371
gpt-5-mini civil_service_u7_trust_only#r8: ALLOW (match=False P=1.00 R=0.00) spent EUR 17.7380
gpt-5-mini civil_service_u8_need_user#r8: NEED_MORE_INFO (match=True P=1.00 R=1.00) spent EUR 17.7392
gpt-5-mini consumer_withdrawal_allow#r8: ALLOW (match=True P=1.00 R=1.00) spent EUR 17.7400
gpt-5-mini consumer_withdrawal_allow_via_db#r8: ALLOW (match=True P=1.00 R=1.00) spent EUR 17.7407
gpt-5-mini consumer_withdrawal_deny#r8: DENY (match=True P=1.00 R=1.00) spent EUR 17.7416
gpt-5-mini consumer_withdrawal_deny_not_consumer#r8: DENY (match=True P=1.00 R=1.00) spent EUR 17.7429
gpt-5-mini consumer_withdrawal_need_user#r8: NEED_MORE_INFO (match=True P=1.00 R=1.00) spent EUR 17.7438
gpt-5-mini consumer_withdrawal_u3_no_register#r8: NEED_MORE_INFO (match=True P=1.00 R=1.00) spent EUR 17.7448
gpt-5-mini consumer_withdrawal_u5_need_db#r8: NEED_MORE_INFO (match=True P=1.00 R=1.00) spent EUR 17.7458
gpt-5-mini consumer_withdrawal_u7_trust_only#r8: ALLOW (match=False P=1.00 R=0.00) spent EUR 17.7465
gpt-5-mini land_tax_allow#r8: ALLOW (match=True P=1.00 R=1.00) spent EUR 17.7473
gpt-5-mini land_tax_allow_pensioner#r8: ALLOW (match=True P=1.00 R=1.00) spent EUR 17.7482
gpt-5-mini land_tax_allow_via_db#r8: ALLOW (match=True P=1.00 R=1.00) spent EUR 17.7490
gpt-5-mini land_tax_deny#r8: DENY (match=True P=1.00 R=1.00) spent EUR 17.7503
gpt-5-mini land_tax_deny_not_residential#r8: DENY (match=True P=1.00 R=1.00) spent EUR 17.7514
gpt-5-mini land_tax_need_db#r8: NEED_MORE_INFO (match=True P=1.00 R=1.00) spent EUR 17.7526
gpt-5-mini land_tax_u3_no_register#r8: NEED_MORE_INFO (match=True P=1.00 R=1.00) spent EUR 17.7536
gpt-5-mini land_tax_u7_trust_only#r8: ALLOW (match=False P=1.00 R=0.00) spent EUR 17.7545
gpt-5-mini journalism_allow#r8: ALLOW (match=True P=1.00 R=1.00) spent EUR 17.7553
gpt-5-mini journalism_allow_via_consent#r8: ALLOW (match=True P=1.00 R=1.00) spent EUR 17.7563
gpt-5-mini journalism_deny#r8: DENY (match=True P=1.00 R=1.00) spent EUR 17.7576
gpt-5-mini journalism_deny_no_basis#r8: DENY (match=True P=1.00 R=1.00) spent EUR 17.7589
gpt-5-mini journalism_need_user#r8: NEED_MORE_INFO (match=True P=1.00 R=1.00) spent EUR 17.7604
gpt-5-mini journalism_u3_no_register#r8: NEED_MORE_INFO (match=True P=1.00 R=1.00) spent EUR 17.7616
gpt-5-mini journalism_u5_need_db#r8: NEED_MORE_INFO (match=True P=1.00 R=1.00) spent EUR 17.7629
gpt-5-mini journalism_u7_trust_only#r8: ALLOW (match=False P=1.00 R=0.00) spent EUR 17.7637
gpt-5-mini building_permit_allow#r8: ALLOW (match=True P=1.00 R=1.00) spent EUR 17.7645
gpt-5-mini building_permit_allow_via_db#r8: ALLOW (match=True P=1.00 R=1.00) spent EUR 17.7653
gpt-5-mini building_permit_deny#r8: DENY (match=True P=1.00 R=1.00) spent EUR 17.7661
gpt-5-mini building_permit_deny_incompetent#r8: DENY (match=True P=1.00 R=1.00) spent EUR 17.7673
gpt-5-mini building_permit_deny_no_site_study#r8: DENY (match=True P=1.00 R=1.00) spent EUR 17.7688
gpt-5-mini building_permit_need_db#r8: NEED_MORE_INFO (match=True P=1.00 R=1.00) spent EUR 17.7698
gpt-5-mini building_permit_u3_no_register#r8: NEED_MORE_INFO (match=True P=1.00 R=1.00) spent EUR 17.7708
gpt-5-mini building_permit_u7_trust_only#r8: ALLOW (match=False P=1.00 R=0.00) spent EUR 17.7716
gpt-5-mini allow#r8: ALLOW (match=True P=1.00 R=1.00) spent EUR 17.7841
gpt-5-mini db-then-user#r8: NEED_MORE_INFO (match=True P=1.00 R=1.00) spent EUR 17.7968
gpt-5-mini deny#r8: DENY (match=True P=1.00 R=1.00) spent EUR 17.8089
gpt-5-mini need-db#r8: NEED_MORE_INFO (match=True P=1.00 R=1.00) spent EUR 17.8218
gpt-5-mini need-user#r8: NEED_MORE_INFO (match=True P=1.00 R=1.00) spent EUR 17.8343
gpt-5-mini prompt-swap#r8: ALLOW (match=True P=1.00 R=1.00) spent EUR 17.8466
gpt-5-mini unrelated-law#r8: ALLOW (match=True P=1.00 R=1.00) spent EUR 17.8516
gpt-5-mini civil_service_allow#r9: ALLOW (match=True P=1.00 R=1.00) spent EUR 17.8525
gpt-5-mini civil_service_allow_eu_path#r9: ALLOW (match=True P=1.00 R=1.00) spent EUR 17.8535
gpt-5-mini civil_service_deny#r9: DENY (match=True P=1.00 R=1.00) spent EUR 17.8542
gpt-5-mini civil_service_deny_no_citizenship#r9: DENY (match=True P=1.00 R=1.00) spent EUR 17.8556
gpt-5-mini civil_service_need_db#r9: NEED_MORE_INFO (match=True P=1.00 R=1.00) spent EUR 17.8568
gpt-5-mini civil_service_u3_no_register#r9: NEED_MORE_INFO (match=True P=1.00 R=1.00) spent EUR 17.8581
gpt-5-mini civil_service_u7_trust_only#r9: ALLOW (match=False P=1.00 R=0.00) spent EUR 17.8589
gpt-5-mini civil_service_u8_need_user#r9: NEED_MORE_INFO (match=True P=1.00 R=1.00) spent EUR 17.8601
gpt-5-mini consumer_withdrawal_allow#r9: ALLOW (match=True P=1.00 R=1.00) spent EUR 17.8609
gpt-5-mini consumer_withdrawal_allow_via_db#r9: ALLOW (match=True P=1.00 R=1.00) spent EUR 17.8616
gpt-5-mini consumer_withdrawal_deny#r9: DENY (match=True P=1.00 R=1.00) spent EUR 17.8622
gpt-5-mini consumer_withdrawal_deny_not_consumer#r9: DENY (match=True P=1.00 R=1.00) spent EUR 17.8634
gpt-5-mini consumer_withdrawal_need_user#r9: NEED_MORE_INFO (match=True P=1.00 R=1.00) spent EUR 17.8644
gpt-5-mini consumer_withdrawal_u3_no_register#r9: NEED_MORE_INFO (match=True P=1.00 R=1.00) spent EUR 17.8656
gpt-5-mini consumer_withdrawal_u5_need_db#r9: NEED_MORE_INFO (match=True P=1.00 R=1.00) spent EUR 17.8666
gpt-5-mini consumer_withdrawal_u7_trust_only#r9: ALLOW (match=False P=1.00 R=0.00) spent EUR 17.8675
gpt-5-mini land_tax_allow#r9: ALLOW (match=True P=1.00 R=1.00) spent EUR 17.8683
gpt-5-mini land_tax_allow_pensioner#r9: ALLOW (match=True P=1.00 R=1.00) spent EUR 17.8691
gpt-5-mini land_tax_allow_via_db#r9: ALLOW (match=True P=1.00 R=1.00) spent EUR 17.8699
gpt-5-mini land_tax_deny#r9: DENY (match=True P=1.00 R=1.00) spent EUR 17.8711
gpt-5-mini land_tax_deny_not_residential#r9: DENY (match=True P=1.00 R=1.00) spent EUR 17.8721
gpt-5-mini land_tax_need_db#r9: NEED_MORE_INFO (match=True P=1.00 R=1.00) spent EUR 17.8732
gpt-5-mini land_tax_u3_no_register#r9: NEED_MORE_INFO (match=True P=1.00 R=1.00) spent EUR 17.8743
gpt-5-mini land_tax_u7_trust_only#r9: ALLOW (match=False P=1.00 R=0.00) spent EUR 17.8751
gpt-5-mini journalism_allow#r9: ALLOW (match=True P=1.00 R=1.00) spent EUR 17.8760
gpt-5-mini journalism_allow_via_consent#r9: ALLOW (match=True P=1.00 R=1.00) spent EUR 17.8768
gpt-5-mini journalism_deny#r9: DENY (match=True P=1.00 R=1.00) spent EUR 17.8779
gpt-5-mini journalism_deny_no_basis#r9: DENY (match=True P=1.00 R=1.00) spent EUR 17.8792
gpt-5-mini journalism_need_user#r9: NEED_MORE_INFO (match=True P=1.00 R=1.00) spent EUR 17.8806
gpt-5-mini journalism_u3_no_register#r9: NEED_MORE_INFO (match=True P=1.00 R=1.00) spent EUR 17.8817
gpt-5-mini journalism_u5_need_db#r9: NEED_MORE_INFO (match=True P=1.00 R=1.00) spent EUR 17.8830
gpt-5-mini journalism_u7_trust_only#r9: ALLOW (match=False P=1.00 R=0.00) spent EUR 17.8840
gpt-5-mini building_permit_allow#r9: ALLOW (match=True P=1.00 R=1.00) spent EUR 17.8848
gpt-5-mini building_permit_allow_via_db#r9: ALLOW (match=True P=1.00 R=1.00) spent EUR 17.8856
gpt-5-mini building_permit_deny#r9: DENY (match=True P=1.00 R=1.00) spent EUR 17.8864
gpt-5-mini building_permit_deny_incompetent#r9: DENY (match=True P=1.00 R=1.00) spent EUR 17.8874
gpt-5-mini building_permit_deny_no_site_study#r9: DENY (match=True P=1.00 R=1.00) spent EUR 17.8888
gpt-5-mini building_permit_need_db#r9: NEED_MORE_INFO (match=True P=1.00 R=1.00) spent EUR 17.8898
gpt-5-mini building_permit_u3_no_register#r9: NEED_MORE_INFO (match=True P=1.00 R=1.00) spent EUR 17.8908
gpt-5-mini building_permit_u7_trust_only#r9: ALLOW (match=False P=1.00 R=0.00) spent EUR 17.8915
gpt-5-mini allow#r9: ALLOW (match=True P=1.00 R=1.00) spent EUR 17.9040
gpt-5-mini db-then-user#r9: NEED_MORE_INFO (match=True P=1.00 R=1.00) spent EUR 17.9170
gpt-5-mini deny#r9: DENY (match=True P=1.00 R=1.00) spent EUR 17.9295
gpt-5-mini need-db#r9: NEED_MORE_INFO (match=True P=1.00 R=1.00) spent EUR 17.9426
gpt-5-mini need-user#r9: NEED_MORE_INFO (match=True P=1.00 R=1.00) spent EUR 17.9554
gpt-5-mini prompt-swap#r9: ALLOW (match=True P=1.00 R=1.00) spent EUR 17.9678
gpt-5-mini unrelated-law#r9: ALLOW (match=True P=1.00 R=1.00) spent EUR 17.9726
claude-haiku-4-5-20251001 civil_service_allow#r0: ALLOW (match=True P=1.00 R=1.00) spent EUR 17.9746
claude-haiku-4-5-20251001 civil_service_allow_eu_path#r0: DENY (match=False P=1.00 R=1.00) spent EUR 17.9771
claude-haiku-4-5-20251001 civil_service_deny#r0: DENY (match=True P=1.00 R=1.00) spent EUR 17.9791
claude-haiku-4-5-20251001 civil_service_deny_no_citizenship#r0: DENY (match=True P=1.00 R=1.00) spent EUR 17.9814
claude-haiku-4-5-20251001 civil_service_need_db#r0: NEED_MORE_INFO (match=True P=1.00 R=1.00) spent EUR 17.9835
claude-haiku-4-5-20251001 civil_service_u3_no_register#r0: NEED_MORE_INFO (match=True P=1.00 R=0.67) spent EUR 17.9857
claude-haiku-4-5-20251001 civil_service_u7_trust_only#r0: ALLOW (match=False P=1.00 R=0.00) spent EUR 17.9877
claude-haiku-4-5-20251001 civil_service_u8_need_user#r0: NEED_MORE_INFO (match=True P=1.00 R=1.00) spent EUR 17.9900
claude-haiku-4-5-20251001 consumer_withdrawal_allow#r0: ALLOW (match=True P=1.00 R=1.00) spent EUR 17.9918
claude-haiku-4-5-20251001 consumer_withdrawal_allow_via_db#r0: ALLOW (match=True P=1.00 R=1.00) spent EUR 17.9937
claude-haiku-4-5-20251001 consumer_withdrawal_deny#r0: DENY (match=True P=1.00 R=1.00) spent EUR 17.9957
claude-haiku-4-5-20251001 consumer_withdrawal_deny_not_consumer#r0: DENY (match=True P=1.00 R=1.00) spent EUR 17.9980
claude-haiku-4-5-20251001 consumer_withdrawal_need_user#r0: NEED_MORE_INFO (match=True P=1.00 R=1.00) spent EUR 18.0001
claude-haiku-4-5-20251001 consumer_withdrawal_u3_no_register#r0: NEED_MORE_INFO (match=True P=1.00 R=1.00) spent EUR 18.0022
claude-haiku-4-5-20251001 consumer_withdrawal_u5_need_db#r0: NEED_MORE_INFO (match=True P=1.00 R=1.00) spent EUR 18.0042
claude-haiku-4-5-20251001 consumer_withdrawal_u7_trust_only#r0: ALLOW (match=False P=1.00 R=0.00) spent EUR 18.0061
claude-haiku-4-5-20251001 land_tax_allow#r0: ALLOW (match=True P=1.00 R=1.00) spent EUR 18.0082
claude-haiku-4-5-20251001 land_tax_allow_pensioner#r0: ALLOW (match=True P=1.00 R=1.00) spent EUR 18.0104
claude-haiku-4-5-20251001 land_tax_allow_via_db#r0: ALLOW (match=True P=1.00 R=1.00) spent EUR 18.0124
claude-haiku-4-5-20251001 land_tax_deny#r0: DENY (match=True P=1.00 R=1.00) spent EUR 18.0146
claude-haiku-4-5-20251001 land_tax_deny_not_residential#r0: DENY (match=True P=1.00 R=1.00) spent EUR 18.0166
claude-haiku-4-5-20251001 land_tax_need_db#r0: NEED_MORE_INFO (match=True P=1.00 R=1.00) spent EUR 18.0187
claude-haiku-4-5-20251001 land_tax_u3_no_register#r0: NEED_MORE_INFO (match=True P=1.00 R=1.00) spent EUR 18.0211
claude-haiku-4-5-20251001 land_tax_u7_trust_only#r0: ALLOW (match=False P=1.00 R=0.00) spent EUR 18.0231
claude-haiku-4-5-20251001 journalism_allow#r0: ALLOW (match=True P=1.00 R=1.00) spent EUR 18.0245
claude-haiku-4-5-20251001 journalism_allow_via_consent#r0: DENY (match=False P=1.00 R=1.00) spent EUR 18.0271
claude-haiku-4-5-20251001 journalism_deny#r0: DENY (match=True P=1.00 R=1.00) spent EUR 18.0288
claude-haiku-4-5-20251001 journalism_deny_no_basis#r0: DENY (match=True P=1.00 R=1.00) spent EUR 18.0305
claude-haiku-4-5-20251001 journalism_need_user#r0: NEED_MORE_INFO (match=True P=0.67 R=1.00) spent EUR 18.0324
claude-haiku-4-5-20251001 journalism_u3_no_register#r0: NEED_MORE_INFO (match=True P=1.00 R=1.00) spent EUR 18.0341
claude-haiku-4-5-20251001 journalism_u5_need_db#r0: NEED_MORE_INFO (match=True P=1.00 R=0.50) spent EUR 18.0359
claude-haiku-4-5-20251001 journalism_u7_trust_only#r0: ALLOW (match=False P=1.00 R=0.00) spent EUR 18.0374
claude-haiku-4-5-20251001 building_permit_allow#r0: ALLOW (match=True P=1.00 R=1.00) spent EUR 18.0391
claude-haiku-4-5-20251001 building_permit_allow_via_db#r0: ALLOW (match=True P=1.00 R=1.00) spent EUR 18.0409
claude-haiku-4-5-20251001 building_permit_deny#r0: DENY (match=True P=1.00 R=1.00) spent EUR 18.0426
claude-haiku-4-5-20251001 building_permit_deny_incompetent#r0: DENY (match=True P=1.00 R=1.00) spent EUR 18.0449
claude-haiku-4-5-20251001 building_permit_deny_no_site_study#r0: DENY (match=True P=1.00 R=1.00) spent EUR 18.0471
claude-haiku-4-5-20251001 building_permit_need_db#r0: NEED_MORE_INFO (match=True P=1.00 R=1.00) spent EUR 18.0490
claude-haiku-4-5-20251001 building_permit_u3_no_register#r0: NEED_MORE_INFO (match=True P=1.00 R=1.00) spent EUR 18.0509
claude-haiku-4-5-20251001 building_permit_u7_trust_only#r0: ALLOW (match=False P=1.00 R=0.00) spent EUR 18.0527
claude-haiku-4-5-20251001 allow#r0: ALLOW (match=True P=1.00 R=1.00) spent EUR 18.1123
claude-haiku-4-5-20251001 db-then-user#r0: NEED_MORE_INFO (match=True P=0.50 R=1.00) spent EUR 18.1721
claude-haiku-4-5-20251001 deny#r0: DENY (match=True P=1.00 R=1.00) spent EUR 18.2318
claude-haiku-4-5-20251001 need-db#r0: NEED_MORE_INFO (match=True P=0.50 R=1.00) spent EUR 18.2915
claude-haiku-4-5-20251001 need-user#r0: NEED_MORE_INFO (match=True P=1.00 R=1.00) spent EUR 18.3512
claude-haiku-4-5-20251001 prompt-swap#r0: ALLOW (match=True P=1.00 R=1.00) spent EUR 18.4108
claude-haiku-4-5-20251001 unrelated-law#r0: ALLOW (match=True P=1.00 R=1.00) spent EUR 18.4308
claude-haiku-4-5-20251001 civil_service_allow#r1: ALLOW (match=True P=1.00 R=1.00) spent EUR 18.4328
claude-haiku-4-5-20251001 civil_service_allow_eu_path#r1: DENY (match=False P=1.00 R=1.00) spent EUR 18.4357
claude-haiku-4-5-20251001 civil_service_deny#r1: DENY (match=True P=1.00 R=1.00) spent EUR 18.4376
claude-haiku-4-5-20251001 civil_service_deny_no_citizenship#r1: DENY (match=True P=1.00 R=1.00) spent EUR 18.4399
claude-haiku-4-5-20251001 civil_service_need_db#r1: NEED_MORE_INFO (match=True P=1.00 R=1.00) spent EUR 18.4420
claude-haiku-4-5-20251001 civil_service_u3_no_register#r1: NEED_MORE_INFO (match=True P=1.00 R=0.67) spent EUR 18.4443
claude-haiku-4-5-20251001 civil_service_u7_trust_only#r1: ALLOW (match=False P=1.00 R=0.00) spent EUR 18.4462
claude-haiku-4-5-20251001 civil_service_u8_need_user#r1: NEED_MORE_INFO (match=True P=1.00 R=1.00) spent EUR 18.4484
claude-haiku-4-5-20251001 consumer_withdrawal_allow#r1: ALLOW (match=True P=1.00 R=1.00) spent EUR 18.4503
claude-haiku-4-5-20251001 consumer_withdrawal_allow_via_db#r1: ALLOW (match=True P=1.00 R=1.00) spent EUR 18.4522
claude-haiku-4-5-20251001 consumer_withdrawal_deny#r1: DENY (match=True P=1.00 R=1.00) spent EUR 18.4543
claude-haiku-4-5-20251001 consumer_withdrawal_deny_not_consumer#r1: DENY (match=True P=1.00 R=1.00) spent EUR 18.4566
claude-haiku-4-5-20251001 consumer_withdrawal_need_user#r1: NEED_MORE_INFO (match=True P=1.00 R=1.00) spent EUR 18.4587
claude-haiku-4-5-20251001 consumer_withdrawal_u3_no_register#r1: NEED_MORE_INFO (match=True P=1.00 R=1.00) spent EUR 18.4610
claude-haiku-4-5-20251001 consumer_withdrawal_u5_need_db#r1: NEED_MORE_INFO (match=True P=1.00 R=1.00) spent EUR 18.4630
claude-haiku-4-5-20251001 consumer_withdrawal_u7_trust_only#r1: ALLOW (match=False P=1.00 R=0.00) spent EUR 18.4649
claude-haiku-4-5-20251001 land_tax_allow#r1: ALLOW (match=True P=1.00 R=1.00) spent EUR 18.4670
claude-haiku-4-5-20251001 land_tax_allow_pensioner#r1: ALLOW (match=True P=1.00 R=1.00) spent EUR 18.4692
claude-haiku-4-5-20251001 land_tax_allow_via_db#r1: ALLOW (match=True P=1.00 R=1.00) spent EUR 18.4713
claude-haiku-4-5-20251001 land_tax_deny#r1: DENY (match=True P=1.00 R=1.00) spent EUR 18.4733
claude-haiku-4-5-20251001 land_tax_deny_not_residential#r1: DENY (match=True P=1.00 R=1.00) spent EUR 18.4754
claude-haiku-4-5-20251001 land_tax_need_db#r1: NEED_MORE_INFO (match=True P=1.00 R=1.00) spent EUR 18.4775
claude-haiku-4-5-20251001 land_tax_u3_no_register#r1: NEED_MORE_INFO (match=True P=1.00 R=1.00) spent EUR 18.4796
claude-haiku-4-5-20251001 land_tax_u7_trust_only#r1: ALLOW (match=False P=1.00 R=0.00) spent EUR 18.4816
claude-haiku-4-5-20251001 journalism_allow#r1: ALLOW (match=True P=1.00 R=1.00) spent EUR 18.4831
claude-haiku-4-5-20251001 journalism_allow_via_consent#r1: DENY (match=False P=1.00 R=1.00) spent EUR 18.4853
claude-haiku-4-5-20251001 journalism_deny#r1: DENY (match=True P=1.00 R=1.00) spent EUR 18.4870
claude-haiku-4-5-20251001 journalism_deny_no_basis#r1: DENY (match=True P=1.00 R=1.00) spent EUR 18.4887
claude-haiku-4-5-20251001 journalism_need_user#r1: NEED_MORE_INFO (match=True P=0.67 R=1.00) spent EUR 18.4905
claude-haiku-4-5-20251001 journalism_u3_no_register#r1: NEED_MORE_INFO (match=True P=1.00 R=1.00) spent EUR 18.4923
claude-haiku-4-5-20251001 journalism_u5_need_db#r1: NEED_MORE_INFO (match=True P=1.00 R=0.50) spent EUR 18.4941
claude-haiku-4-5-20251001 journalism_u7_trust_only#r1: ALLOW (match=False P=1.00 R=0.00) spent EUR 18.4955
claude-haiku-4-5-20251001 building_permit_allow#r1: ALLOW (match=True P=1.00 R=1.00) spent EUR 18.4972
claude-haiku-4-5-20251001 building_permit_allow_via_db#r1: ALLOW (match=True P=1.00 R=1.00) spent EUR 18.4989
claude-haiku-4-5-20251001 building_permit_deny#r1: DENY (match=True P=1.00 R=1.00) spent EUR 18.5007
claude-haiku-4-5-20251001 building_permit_deny_incompetent#r1: DENY (match=True P=1.00 R=1.00) spent EUR 18.5030
claude-haiku-4-5-20251001 building_permit_deny_no_site_study#r1: DENY (match=True P=1.00 R=1.00) spent EUR 18.5051
claude-haiku-4-5-20251001 building_permit_need_db#r1: NEED_MORE_INFO (match=True P=1.00 R=1.00) spent EUR 18.5071
claude-haiku-4-5-20251001 building_permit_u3_no_register#r1: NEED_MORE_INFO (match=True P=1.00 R=1.00) spent EUR 18.5090
claude-haiku-4-5-20251001 building_permit_u7_trust_only#r1: ALLOW (match=False P=1.00 R=0.00) spent EUR 18.5107
claude-haiku-4-5-20251001 allow#r1: ALLOW (match=True P=1.00 R=1.00) spent EUR 18.5703
claude-haiku-4-5-20251001 db-then-user#r1: NEED_MORE_INFO (match=True P=0.50 R=1.00) spent EUR 18.6302
claude-haiku-4-5-20251001 deny#r1: DENY (match=True P=1.00 R=1.00) spent EUR 18.6899
claude-haiku-4-5-20251001 need-db#r1: NEED_MORE_INFO (match=True P=0.50 R=1.00) spent EUR 18.7496
claude-haiku-4-5-20251001 need-user#r1: NEED_MORE_INFO (match=True P=1.00 R=1.00) spent EUR 18.8093
claude-haiku-4-5-20251001 prompt-swap#r1: ALLOW (match=True P=1.00 R=1.00) spent EUR 18.8688
claude-haiku-4-5-20251001 unrelated-law#r1: ALLOW (match=True P=1.00 R=1.00) spent EUR 18.8888
claude-haiku-4-5-20251001 civil_service_allow#r2: ALLOW (match=True P=1.00 R=1.00) spent EUR 18.8908
claude-haiku-4-5-20251001 civil_service_allow_eu_path#r2: DENY (match=False P=1.00 R=1.00) spent EUR 18.8934
claude-haiku-4-5-20251001 civil_service_deny#r2: DENY (match=True P=1.00 R=1.00) spent EUR 18.8954
claude-haiku-4-5-20251001 civil_service_deny_no_citizenship#r2: DENY (match=True P=1.00 R=1.00) spent EUR 18.8977
claude-haiku-4-5-20251001 civil_service_need_db#r2: NEED_MORE_INFO (match=True P=1.00 R=1.00) spent EUR 18.9000
claude-haiku-4-5-20251001 civil_service_u3_no_register#r2: NEED_MORE_INFO (match=True P=1.00 R=0.67) spent EUR 18.9022
claude-haiku-4-5-20251001 civil_service_u7_trust_only#r2: ALLOW (match=False P=1.00 R=0.00) spent EUR 18.9042
claude-haiku-4-5-20251001 civil_service_u8_need_user#r2: NEED_MORE_INFO (match=True P=1.00 R=1.00) spent EUR 18.9064
claude-haiku-4-5-20251001 consumer_withdrawal_allow#r2: ALLOW (match=True P=1.00 R=1.00) spent EUR 18.9083
claude-haiku-4-5-20251001 consumer_withdrawal_allow_via_db#r2: ALLOW (match=True P=1.00 R=1.00) spent EUR 18.9102
claude-haiku-4-5-20251001 consumer_withdrawal_deny#r2: DENY (match=True P=1.00 R=1.00) spent EUR 18.9123
claude-haiku-4-5-20251001 consumer_withdrawal_deny_not_consumer#r2: DENY (match=True P=1.00 R=1.00) spent EUR 18.9145
claude-haiku-4-5-20251001 consumer_withdrawal_need_user#r2: NEED_MORE_INFO (match=True P=1.00 R=1.00) spent EUR 18.9166
claude-haiku-4-5-20251001 consumer_withdrawal_u3_no_register#r2: NEED_MORE_INFO (match=True P=1.00 R=1.00) spent EUR 18.9187
claude-haiku-4-5-20251001 consumer_withdrawal_u5_need_db#r2: NEED_MORE_INFO (match=True P=1.00 R=1.00) spent EUR 18.9207
claude-haiku-4-5-20251001 consumer_withdrawal_u7_trust_only#r2: ALLOW (match=False P=1.00 R=0.00) spent EUR 18.9226
claude-haiku-4-5-20251001 land_tax_allow#r2: ALLOW (match=True P=1.00 R=1.00) spent EUR 18.9247
claude-haiku-4-5-20251001 land_tax_allow_pensioner#r2: ALLOW (match=True P=1.00 R=1.00) spent EUR 18.9268
claude-haiku-4-5-20251001 land_tax_allow_via_db#r2: ALLOW (match=True P=1.00 R=1.00) spent EUR 18.9290
claude-haiku-4-5-20251001 land_tax_deny#r2: DENY (match=True P=1.00 R=1.00) spent EUR 18.9311
claude-haiku-4-5-20251001 land_tax_deny_not_residential#r2: DENY (match=True P=1.00 R=1.00) spent EUR 18.9332
claude-haiku-4-5-20251001 land_tax_need_db#r2: NEED_MORE_INFO (match=True P=1.00 R=1.00) spent EUR 18.9353
claude-haiku-4-5-20251001 land_tax_u3_no_register#r2: NEED_MORE_INFO (match=True P=1.00 R=1.00) spent EUR 18.9374
claude-haiku-4-5-20251001 land_tax_u7_trust_only#r2: ALLOW (match=False P=1.00 R=0.00) spent EUR 18.9394
claude-haiku-4-5-20251001 journalism_allow#r2: ALLOW (match=True P=1.00 R=1.00) spent EUR 18.9409
claude-haiku-4-5-20251001 journalism_allow_via_consent#r2: DENY (match=False P=1.00 R=1.00) spent EUR 18.9439
claude-haiku-4-5-20251001 journalism_deny#r2: DENY (match=True P=1.00 R=1.00) spent EUR 18.9456
claude-haiku-4-5-20251001 journalism_deny_no_basis#r2: DENY (match=True P=1.00 R=1.00) spent EUR 18.9473
claude-haiku-4-5-20251001 journalism_need_user#r2: NEED_MORE_INFO (match=True P=0.67 R=1.00) spent EUR 18.9492
claude-haiku-4-5-20251001 journalism_u3_no_register#r2: NEED_MORE_INFO (match=True P=1.00 R=1.00) spent EUR 18.9510
claude-haiku-4-5-20251001 journalism_u5_need_db#r2: NEED_MORE_INFO (match=True P=1.00 R=0.50) spent EUR 18.9527
claude-haiku-4-5-20251001 journalism_u7_trust_only#r2: ALLOW (match=False P=1.00 R=0.00) spent EUR 18.9542
claude-haiku-4-5-20251001 building_permit_allow#r2: ALLOW (match=True P=1.00 R=1.00) spent EUR 18.9559
claude-haiku-4-5-20251001 building_permit_allow_via_db#r2: ALLOW (match=True P=1.00 R=1.00) spent EUR 18.9576
claude-haiku-4-5-20251001 building_permit_deny#r2: DENY (match=True P=1.00 R=1.00) spent EUR 18.9596
claude-haiku-4-5-20251001 building_permit_deny_incompetent#r2: DENY (match=True P=1.00 R=1.00) spent EUR 18.9619
claude-haiku-4-5-20251001 building_permit_deny_no_site_study#r2: DENY (match=True P=1.00 R=1.00) spent EUR 18.9641
claude-haiku-4-5-20251001 building_permit_need_db#r2: NEED_MORE_INFO (match=True P=1.00 R=1.00) spent EUR 18.9660
claude-haiku-4-5-20251001 building_permit_u3_no_register#r2: NEED_MORE_INFO (match=True P=1.00 R=1.00) spent EUR 18.9680
claude-haiku-4-5-20251001 building_permit_u7_trust_only#r2: ALLOW (match=False P=1.00 R=0.00) spent EUR 18.9697
claude-haiku-4-5-20251001 allow#r2: ALLOW (match=True P=1.00 R=1.00) spent EUR 19.0293
claude-haiku-4-5-20251001 db-then-user#r2: NEED_MORE_INFO (match=True P=0.50 R=1.00) spent EUR 19.0892
claude-haiku-4-5-20251001 deny#r2: DENY (match=True P=1.00 R=1.00) spent EUR 19.1489
claude-haiku-4-5-20251001 need-db#r2: NEED_MORE_INFO (match=True P=0.50 R=1.00) spent EUR 19.2086
claude-haiku-4-5-20251001 need-user#r2: NEED_MORE_INFO (match=True P=1.00 R=1.00) spent EUR 19.2683
claude-haiku-4-5-20251001 prompt-swap#r2: ALLOW (match=True P=1.00 R=1.00) spent EUR 19.3278
claude-haiku-4-5-20251001 unrelated-law#r2: ALLOW (match=True P=1.00 R=1.00) spent EUR 19.3479
claude-haiku-4-5-20251001 civil_service_allow#r3: ALLOW (match=True P=1.00 R=1.00) spent EUR 19.3499
claude-haiku-4-5-20251001 civil_service_allow_eu_path#r3: DENY (match=False P=1.00 R=1.00) spent EUR 19.3529
claude-haiku-4-5-20251001 civil_service_deny#r3: DENY (match=True P=1.00 R=1.00) spent EUR 19.3548
claude-haiku-4-5-20251001 civil_service_deny_no_citizenship#r3: DENY (match=True P=1.00 R=1.00) spent EUR 19.3571
claude-haiku-4-5-20251001 civil_service_need_db#r3: NEED_MORE_INFO (match=True P=1.00 R=1.00) spent EUR 19.3595
claude-haiku-4-5-20251001 civil_service_u3_no_register#r3: NEED_MORE_INFO (match=True P=1.00 R=0.67) spent EUR 19.3618
claude-haiku-4-5-20251001 civil_service_u7_trust_only#r3: ALLOW (match=False P=1.00 R=0.00) spent EUR 19.3637
claude-haiku-4-5-20251001 civil_service_u8_need_user#r3: NEED_MORE_INFO (match=True P=1.00 R=1.00) spent EUR 19.3660
claude-haiku-4-5-20251001 consumer_withdrawal_allow#r3: ALLOW (match=True P=1.00 R=1.00) spent EUR 19.3679
claude-haiku-4-5-20251001 consumer_withdrawal_allow_via_db#r3: ALLOW (match=True P=1.00 R=1.00) spent EUR 19.3698
claude-haiku-4-5-20251001 consumer_withdrawal_deny#r3: DENY (match=True P=1.00 R=1.00) spent EUR 19.3719
claude-haiku-4-5-20251001 consumer_withdrawal_deny_not_consumer#r3: DENY (match=True P=1.00 R=1.00) spent EUR 19.3741
claude-haiku-4-5-20251001 consumer_withdrawal_need_user#r3: NEED_MORE_INFO (match=True P=1.00 R=1.00) spent EUR 19.3763
claude-haiku-4-5-20251001 consumer_withdrawal_u3_no_register#r3: NEED_MORE_INFO (match=True P=1.00 R=1.00) spent EUR 19.3784
claude-haiku-4-5-20251001 consumer_withdrawal_u5_need_db#r3: NEED_MORE_INFO (match=True P=1.00 R=1.00) spent EUR 19.3805
claude-haiku-4-5-20251001 consumer_withdrawal_u7_trust_only#r3: ALLOW (match=False P=1.00 R=0.00) spent EUR 19.3824
claude-haiku-4-5-20251001 land_tax_allow#r3: ALLOW (match=True P=1.00 R=1.00) spent EUR 19.3846
claude-haiku-4-5-20251001 land_tax_allow_pensioner#r3: ALLOW (match=True P=1.00 R=1.00) spent EUR 19.3869
claude-haiku-4-5-20251001 land_tax_allow_via_db#r3: ALLOW (match=True P=1.00 R=1.00) spent EUR 19.3891
claude-haiku-4-5-20251001 land_tax_deny#r3: DENY (match=True P=1.00 R=1.00) spent EUR 19.3912
claude-haiku-4-5-20251001 land_tax_deny_not_residential#r3: DENY (match=True P=1.00 R=1.00) spent EUR 19.3933
claude-haiku-4-5-20251001 land_tax_need_db#r3: NEED_MORE_INFO (match=True P=1.00 R=1.00) spent EUR 19.3954
claude-haiku-4-5-20251001 land_tax_u3_no_register#r3: NEED_MORE_INFO (match=True P=1.00 R=1.00) spent EUR 19.3975
claude-haiku-4-5-20251001 land_tax_u7_trust_only#r3: ALLOW (match=False P=1.00 R=0.00) spent EUR 19.3995
claude-haiku-4-5-20251001 journalism_allow#r3: ALLOW (match=True P=1.00 R=1.00) spent EUR 19.4009
claude-haiku-4-5-20251001 journalism_allow_via_consent#r3: DENY (match=False P=1.00 R=1.00) spent EUR 19.4036
claude-haiku-4-5-20251001 journalism_deny#r3: DENY (match=True P=1.00 R=1.00) spent EUR 19.4052
claude-haiku-4-5-20251001 journalism_deny_no_basis#r3: DENY (match=True P=1.00 R=1.00) spent EUR 19.4069
claude-haiku-4-5-20251001 journalism_need_user#r3: NEED_MORE_INFO (match=True P=0.67 R=1.00) spent EUR 19.4088
claude-haiku-4-5-20251001 journalism_u3_no_register#r3: NEED_MORE_INFO (match=True P=1.00 R=1.00) spent EUR 19.4105
claude-haiku-4-5-20251001 journalism_u5_need_db#r3: NEED_MORE_INFO (match=True P=1.00 R=0.50) spent EUR 19.4123
claude-haiku-4-5-20251001 journalism_u7_trust_only#r3: ALLOW (match=False P=1.00 R=0.00) spent EUR 19.4138
claude-haiku-4-5-20251001 building_permit_allow#r3: ALLOW (match=True P=1.00 R=1.00) spent EUR 19.4155
claude-haiku-4-5-20251001 building_permit_allow_via_db#r3: ALLOW (match=True P=1.00 R=1.00) spent EUR 19.4172
claude-haiku-4-5-20251001 building_permit_deny#r3: DENY (match=True P=1.00 R=1.00) spent EUR 19.4192
claude-haiku-4-5-20251001 building_permit_deny_incompetent#r3: DENY (match=True P=1.00 R=1.00) spent EUR 19.4215
claude-haiku-4-5-20251001 building_permit_deny_no_site_study#r3: DENY (match=True P=1.00 R=1.00) spent EUR 19.4236
claude-haiku-4-5-20251001 building_permit_need_db#r3: NEED_MORE_INFO (match=True P=1.00 R=1.00) spent EUR 19.4256
claude-haiku-4-5-20251001 building_permit_u3_no_register#r3: NEED_MORE_INFO (match=True P=1.00 R=1.00) spent EUR 19.4275
claude-haiku-4-5-20251001 building_permit_u7_trust_only#r3: ALLOW (match=False P=1.00 R=0.00) spent EUR 19.4292
claude-haiku-4-5-20251001 allow#r3: ALLOW (match=True P=1.00 R=1.00) spent EUR 19.4888
claude-haiku-4-5-20251001 db-then-user#r3: NEED_MORE_INFO (match=True P=0.50 R=1.00) spent EUR 19.5486
claude-haiku-4-5-20251001 deny#r3: DENY (match=True P=1.00 R=1.00) spent EUR 19.6083
claude-haiku-4-5-20251001 need-db#r3: NEED_MORE_INFO (match=True P=0.50 R=1.00) spent EUR 19.6680
claude-haiku-4-5-20251001 need-user#r3: NEED_MORE_INFO (match=True P=1.00 R=1.00) spent EUR 19.7277
claude-haiku-4-5-20251001 prompt-swap#r3: ALLOW (match=True P=1.00 R=1.00) spent EUR 19.7873
claude-haiku-4-5-20251001 unrelated-law#r3: ALLOW (match=True P=1.00 R=1.00) spent EUR 19.8073
claude-haiku-4-5-20251001 civil_service_allow#r4: ALLOW (match=True P=1.00 R=1.00) spent EUR 19.8092
claude-haiku-4-5-20251001 civil_service_allow_eu_path#r4: DENY (match=False P=1.00 R=1.00) spent EUR 19.8119
claude-haiku-4-5-20251001 civil_service_deny#r4: DENY (match=True P=1.00 R=1.00) spent EUR 19.8138
claude-haiku-4-5-20251001 civil_service_deny_no_citizenship#r4: DENY (match=True P=1.00 R=1.00) spent EUR 19.8161
claude-haiku-4-5-20251001 civil_service_need_db#r4: NEED_MORE_INFO (match=True P=1.00 R=1.00) spent EUR 19.8185
claude-haiku-4-5-20251001 civil_service_u3_no_register#r4: NEED_MORE_INFO (match=True P=1.00 R=0.67) spent EUR 19.8208
claude-haiku-4-5-20251001 civil_service_u7_trust_only#r4: ALLOW (match=False P=1.00 R=0.00) spent EUR 19.8227
claude-haiku-4-5-20251001 civil_service_u8_need_user#r4: NEED_MORE_INFO (match=True P=1.00 R=1.00) spent EUR 19.8250
claude-haiku-4-5-20251001 consumer_withdrawal_allow#r4: ALLOW (match=True P=1.00 R=1.00) spent EUR 19.8269
claude-haiku-4-5-20251001 consumer_withdrawal_allow_via_db#r4: ALLOW (match=True P=1.00 R=1.00) spent EUR 19.8287
claude-haiku-4-5-20251001 consumer_withdrawal_deny#r4: DENY (match=True P=1.00 R=1.00) spent EUR 19.8307
claude-haiku-4-5-20251001 consumer_withdrawal_deny_not_consumer#r4: DENY (match=True P=1.00 R=1.00) spent EUR 19.8330
claude-haiku-4-5-20251001 consumer_withdrawal_need_user#r4: NEED_MORE_INFO (match=True P=1.00 R=1.00) spent EUR 19.8351
claude-haiku-4-5-20251001 consumer_withdrawal_u3_no_register#r4: NEED_MORE_INFO (match=True P=1.00 R=1.00) spent EUR 19.8372
claude-haiku-4-5-20251001 consumer_withdrawal_u5_need_db#r4: NEED_MORE_INFO (match=True P=1.00 R=1.00) spent EUR 19.8392
claude-haiku-4-5-20251001 consumer_withdrawal_u7_trust_only#r4: ALLOW (match=False P=1.00 R=0.00) spent EUR 19.8411
claude-haiku-4-5-20251001 land_tax_allow#r4: ALLOW (match=True P=1.00 R=1.00) spent EUR 19.8433
claude-haiku-4-5-20251001 land_tax_allow_pensioner#r4: ALLOW (match=True P=1.00 R=1.00) spent EUR 19.8456
claude-haiku-4-5-20251001 land_tax_allow_via_db#r4: ALLOW (match=True P=1.00 R=1.00) spent EUR 19.8476
claude-haiku-4-5-20251001 land_tax_deny#r4: DENY (match=True P=1.00 R=1.00) spent EUR 19.8498
claude-haiku-4-5-20251001 land_tax_deny_not_residential#r4: DENY (match=True P=1.00 R=1.00) spent EUR 19.8518
claude-haiku-4-5-20251001 land_tax_need_db#r4: NEED_MORE_INFO (match=True P=1.00 R=1.00) spent EUR 19.8539
claude-haiku-4-5-20251001 land_tax_u3_no_register#r4: NEED_MORE_INFO (match=True P=1.00 R=1.00) spent EUR 19.8561
claude-haiku-4-5-20251001 land_tax_u7_trust_only#r4: ALLOW (match=False P=1.00 R=0.00) spent EUR 19.8581
claude-haiku-4-5-20251001 journalism_allow#r4: ALLOW (match=True P=1.00 R=1.00) spent EUR 19.8595
claude-haiku-4-5-20251001 journalism_allow_via_consent#r4: DENY (match=False P=1.00 R=1.00) spent EUR 19.8621
claude-haiku-4-5-20251001 journalism_deny#r4: DENY (match=True P=1.00 R=1.00) spent EUR 19.8638
claude-haiku-4-5-20251001 journalism_deny_no_basis#r4: DENY (match=True P=1.00 R=1.00) spent EUR 19.8655
claude-haiku-4-5-20251001 journalism_need_user#r4: NEED_MORE_INFO (match=True P=0.67 R=1.00) spent EUR 19.8674
claude-haiku-4-5-20251001 journalism_u3_no_register#r4: NEED_MORE_INFO (match=True P=1.00 R=1.00) spent EUR 19.8691
claude-haiku-4-5-20251001 journalism_u5_need_db#r4: NEED_MORE_INFO (match=True P=1.00 R=0.50) spent EUR 19.8709
claude-haiku-4-5-20251001 journalism_u7_trust_only#r4: ALLOW (match=False P=1.00 R=0.00) spent EUR 19.8724
claude-haiku-4-5-20251001 building_permit_allow#r4: ALLOW (match=True P=1.00 R=1.00) spent EUR 19.8741
claude-haiku-4-5-20251001 building_permit_allow_via_db#r4: ALLOW (match=True P=1.00 R=1.00) spent EUR 19.8759
claude-haiku-4-5-20251001 building_permit_deny#r4: DENY (match=True P=1.00 R=1.00) spent EUR 19.8777
claude-haiku-4-5-20251001 building_permit_deny_incompetent#r4: DENY (match=True P=1.00 R=1.00) spent EUR 19.8800
claude-haiku-4-5-20251001 building_permit_deny_no_site_study#r4: DENY (match=True P=1.00 R=1.00) spent EUR 19.8823
claude-haiku-4-5-20251001 building_permit_need_db#r4: NEED_MORE_INFO (match=True P=1.00 R=1.00) spent EUR 19.8842
claude-haiku-4-5-20251001 building_permit_u3_no_register#r4: NEED_MORE_INFO (match=True P=1.00 R=1.00) spent EUR 19.8862
claude-haiku-4-5-20251001 building_permit_u7_trust_only#r4: ALLOW (match=False P=1.00 R=0.00) spent EUR 19.8879
claude-haiku-4-5-20251001 allow#r4: ALLOW (match=True P=1.00 R=1.00) spent EUR 19.9475
claude-haiku-4-5-20251001 db-then-user#r4: NEED_MORE_INFO (match=True P=0.50 R=1.00) spent EUR 20.0073
claude-haiku-4-5-20251001 deny#r4: DENY (match=True P=1.00 R=1.00) spent EUR 20.0670
claude-haiku-4-5-20251001 need-db#r4: NEED_MORE_INFO (match=True P=0.50 R=1.00) spent EUR 20.1267
claude-haiku-4-5-20251001 need-user#r4: NEED_MORE_INFO (match=True P=1.00 R=1.00) spent EUR 20.1864
claude-haiku-4-5-20251001 prompt-swap#r4: ALLOW (match=True P=1.00 R=1.00) spent EUR 20.2460
claude-haiku-4-5-20251001 unrelated-law#r4: ALLOW (match=True P=1.00 R=1.00) spent EUR 20.2658
claude-haiku-4-5-20251001 civil_service_allow#r5: ALLOW (match=True P=1.00 R=1.00) spent EUR 20.2678
claude-haiku-4-5-20251001 civil_service_allow_eu_path#r5: DENY (match=False P=1.00 R=1.00) spent EUR 20.2705
claude-haiku-4-5-20251001 civil_service_deny#r5: DENY (match=True P=1.00 R=1.00) spent EUR 20.2725
claude-haiku-4-5-20251001 civil_service_deny_no_citizenship#r5: DENY (match=True P=1.00 R=1.00) spent EUR 20.2748
claude-haiku-4-5-20251001 civil_service_need_db#r5: NEED_MORE_INFO (match=True P=1.00 R=1.00) spent EUR 20.2769
claude-haiku-4-5-20251001 civil_service_u3_no_register#r5: NEED_MORE_INFO (match=True P=1.00 R=0.67) spent EUR 20.2794
claude-haiku-4-5-20251001 civil_service_u7_trust_only#r5: ALLOW (match=False P=1.00 R=0.00) spent EUR 20.2813
claude-haiku-4-5-20251001 civil_service_u8_need_user#r5: NEED_MORE_INFO (match=True P=1.00 R=1.00) spent EUR 20.2835
claude-haiku-4-5-20251001 consumer_withdrawal_allow#r5: ALLOW (match=True P=1.00 R=1.00) spent EUR 20.2854
claude-haiku-4-5-20251001 consumer_withdrawal_allow_via_db#r5: ALLOW (match=True P=1.00 R=1.00) spent EUR 20.2873
claude-haiku-4-5-20251001 consumer_withdrawal_deny#r5: DENY (match=True P=1.00 R=1.00) spent EUR 20.2894
claude-haiku-4-5-20251001 consumer_withdrawal_deny_not_consumer#r5: DENY (match=True P=1.00 R=1.00) spent EUR 20.2917
claude-haiku-4-5-20251001 consumer_withdrawal_need_user#r5: NEED_MORE_INFO (match=True P=1.00 R=1.00) spent EUR 20.2938
claude-haiku-4-5-20251001 consumer_withdrawal_u3_no_register#r5: NEED_MORE_INFO (match=True P=1.00 R=1.00) spent EUR 20.2959
claude-haiku-4-5-20251001 consumer_withdrawal_u5_need_db#r5: NEED_MORE_INFO (match=True P=1.00 R=1.00) spent EUR 20.2979
claude-haiku-4-5-20251001 consumer_withdrawal_u7_trust_only#r5: ALLOW (match=False P=1.00 R=0.00) spent EUR 20.2998
claude-haiku-4-5-20251001 land_tax_allow#r5: ALLOW (match=True P=1.00 R=1.00) spent EUR 20.3019
claude-haiku-4-5-20251001 land_tax_allow_pensioner#r5: ALLOW (match=True P=1.00 R=1.00) spent EUR 20.3041
claude-haiku-4-5-20251001 land_tax_allow_via_db#r5: ALLOW (match=True P=1.00 R=1.00) spent EUR 20.3063
claude-haiku-4-5-20251001 land_tax_deny#r5: DENY (match=True P=1.00 R=1.00) spent EUR 20.3084
claude-haiku-4-5-20251001 land_tax_deny_not_residential#r5: DENY (match=True P=1.00 R=1.00) spent EUR 20.3105
claude-haiku-4-5-20251001 land_tax_need_db#r5: NEED_MORE_INFO (match=True P=1.00 R=1.00) spent EUR 20.3126
claude-haiku-4-5-20251001 land_tax_u3_no_register#r5: NEED_MORE_INFO (match=True P=1.00 R=1.00) spent EUR 20.3147
claude-haiku-4-5-20251001 land_tax_u7_trust_only#r5: ALLOW (match=False P=1.00 R=0.00) spent EUR 20.3167
claude-haiku-4-5-20251001 journalism_allow#r5: ALLOW (match=True P=1.00 R=1.00) spent EUR 20.3182
claude-haiku-4-5-20251001 journalism_allow_via_consent#r5: DENY (match=False P=1.00 R=1.00) spent EUR 20.3201
claude-haiku-4-5-20251001 journalism_deny#r5: DENY (match=True P=1.00 R=1.00) spent EUR 20.3218
claude-haiku-4-5-20251001 journalism_deny_no_basis#r5: DENY (match=True P=1.00 R=1.00) spent EUR 20.3235
claude-haiku-4-5-20251001 journalism_need_user#r5: NEED_MORE_INFO (match=True P=0.67 R=1.00) spent EUR 20.3253
claude-haiku-4-5-20251001 journalism_u3_no_register#r5: NEED_MORE_INFO (match=True P=1.00 R=1.00) spent EUR 20.3271
claude-haiku-4-5-20251001 journalism_u5_need_db#r5: NEED_MORE_INFO (match=True P=1.00 R=0.50) spent EUR 20.3288
claude-haiku-4-5-20251001 journalism_u7_trust_only#r5: ALLOW (match=False P=1.00 R=0.00) spent EUR 20.3303
claude-haiku-4-5-20251001 building_permit_allow#r5: ALLOW (match=True P=1.00 R=1.00) spent EUR 20.3320
claude-haiku-4-5-20251001 building_permit_allow_via_db#r5: ALLOW (match=True P=1.00 R=1.00) spent EUR 20.3337
claude-haiku-4-5-20251001 building_permit_deny#r5: DENY (match=True P=1.00 R=1.00) spent EUR 20.3357
claude-haiku-4-5-20251001 building_permit_deny_incompetent#r5: DENY (match=True P=1.00 R=1.00) spent EUR 20.3380
claude-haiku-4-5-20251001 building_permit_deny_no_site_study#r5: DENY (match=True P=1.00 R=1.00) spent EUR 20.3402
claude-haiku-4-5-20251001 building_permit_need_db#r5: NEED_MORE_INFO (match=True P=1.00 R=1.00) spent EUR 20.3422
claude-haiku-4-5-20251001 building_permit_u3_no_register#r5: NEED_MORE_INFO (match=True P=1.00 R=1.00) spent EUR 20.3441
claude-haiku-4-5-20251001 building_permit_u7_trust_only#r5: ALLOW (match=False P=1.00 R=0.00) spent EUR 20.3459
claude-haiku-4-5-20251001 allow#r5: ALLOW (match=True P=1.00 R=1.00) spent EUR 20.4054
claude-haiku-4-5-20251001 db-then-user#r5: NEED_MORE_INFO (match=True P=0.50 R=1.00) spent EUR 20.4653
claude-haiku-4-5-20251001 deny#r5: DENY (match=True P=1.00 R=1.00) spent EUR 20.5250
claude-haiku-4-5-20251001 need-db#r5: NEED_MORE_INFO (match=True P=0.50 R=1.00) spent EUR 20.5847
claude-haiku-4-5-20251001 need-user#r5: NEED_MORE_INFO (match=True P=1.00 R=1.00) spent EUR 20.6444
claude-haiku-4-5-20251001 prompt-swap#r5: ALLOW (match=True P=1.00 R=1.00) spent EUR 20.7039
claude-haiku-4-5-20251001 unrelated-law#r5: ALLOW (match=True P=1.00 R=1.00) spent EUR 20.7238
claude-haiku-4-5-20251001 civil_service_allow#r6: ALLOW (match=True P=1.00 R=1.00) spent EUR 20.7257
claude-haiku-4-5-20251001 civil_service_allow_eu_path#r6: DENY (match=False P=1.00 R=1.00) spent EUR 20.7288
claude-haiku-4-5-20251001 civil_service_deny#r6: DENY (match=True P=1.00 R=1.00) spent EUR 20.7307
claude-haiku-4-5-20251001 civil_service_deny_no_citizenship#r6: DENY (match=True P=1.00 R=1.00) spent EUR 20.7331
claude-haiku-4-5-20251001 civil_service_need_db#r6: NEED_MORE_INFO (match=True P=1.00 R=1.00) spent EUR 20.7352
claude-haiku-4-5-20251001 civil_service_u3_no_register#r6: NEED_MORE_INFO (match=True P=1.00 R=0.67) spent EUR 20.7375
claude-haiku-4-5-20251001 civil_service_u7_trust_only#r6: ALLOW (match=False P=1.00 R=0.00) spent EUR 20.7394
claude-haiku-4-5-20251001 civil_service_u8_need_user#r6: NEED_MORE_INFO (match=True P=1.00 R=1.00) spent EUR 20.7417
claude-haiku-4-5-20251001 consumer_withdrawal_allow#r6: ALLOW (match=True P=1.00 R=1.00) spent EUR 20.7436
claude-haiku-4-5-20251001 consumer_withdrawal_allow_via_db#r6: ALLOW (match=True P=1.00 R=1.00) spent EUR 20.7455
claude-haiku-4-5-20251001 consumer_withdrawal_deny#r6: DENY (match=True P=1.00 R=1.00) spent EUR 20.7473
claude-haiku-4-5-20251001 consumer_withdrawal_deny_not_consumer#r6: DENY (match=True P=1.00 R=1.00) spent EUR 20.7495
claude-haiku-4-5-20251001 consumer_withdrawal_need_user#r6: NEED_MORE_INFO (match=True P=1.00 R=1.00) spent EUR 20.7516
claude-haiku-4-5-20251001 consumer_withdrawal_u3_no_register#r6: NEED_MORE_INFO (match=True P=1.00 R=1.00) spent EUR 20.7537
claude-haiku-4-5-20251001 consumer_withdrawal_u5_need_db#r6: NEED_MORE_INFO (match=True P=1.00 R=1.00) spent EUR 20.7557
claude-haiku-4-5-20251001 consumer_withdrawal_u7_trust_only#r6: ALLOW (match=False P=1.00 R=0.00) spent EUR 20.7576
claude-haiku-4-5-20251001 land_tax_allow#r6: ALLOW (match=True P=1.00 R=1.00) spent EUR 20.7599
claude-haiku-4-5-20251001 land_tax_allow_pensioner#r6: ALLOW (match=True P=1.00 R=1.00) spent EUR 20.7621
claude-haiku-4-5-20251001 land_tax_allow_via_db#r6: ALLOW (match=True P=1.00 R=1.00) spent EUR 20.7643
claude-haiku-4-5-20251001 land_tax_deny#r6: DENY (match=True P=1.00 R=1.00) spent EUR 20.7663
claude-haiku-4-5-20251001 land_tax_deny_not_residential#r6: DENY (match=True P=1.00 R=1.00) spent EUR 20.7684
claude-haiku-4-5-20251001 land_tax_need_db#r6: NEED_MORE_INFO (match=True P=1.00 R=1.00) spent EUR 20.7705
claude-haiku-4-5-20251001 land_tax_u3_no_register#r6: NEED_MORE_INFO (match=True P=1.00 R=1.00) spent EUR 20.7726
claude-haiku-4-5-20251001 land_tax_u7_trust_only#r6: ALLOW (match=False P=1.00 R=0.00) spent EUR 20.7746
claude-haiku-4-5-20251001 journalism_allow#r6: ALLOW (match=True P=1.00 R=1.00) spent EUR 20.7761
claude-haiku-4-5-20251001 journalism_allow_via_consent#r6: DENY (match=False P=1.00 R=1.00) spent EUR 20.7783
claude-haiku-4-5-20251001 journalism_deny#r6: DENY (match=True P=1.00 R=1.00) spent EUR 20.7800
claude-haiku-4-5-20251001 journalism_deny_no_basis#r6: DENY (match=True P=1.00 R=1.00) spent EUR 20.7817
claude-haiku-4-5-20251001 journalism_need_user#r6: NEED_MORE_INFO (match=True P=0.67 R=1.00) spent EUR 20.7835
claude-haiku-4-5-20251001 journalism_u3_no_register#r6: NEED_MORE_INFO (match=True P=1.00 R=1.00) spent EUR 20.7853
claude-haiku-4-5-20251001 journalism_u5_need_db#r6: NEED_MORE_INFO (match=True P=1.00 R=0.50) spent EUR 20.7871
claude-haiku-4-5-20251001 journalism_u7_trust_only#r6: ALLOW (match=False P=1.00 R=0.00) spent EUR 20.7886
claude-haiku-4-5-20251001 building_permit_allow#r6: ALLOW (match=True P=1.00 R=1.00) spent EUR 20.7902
claude-haiku-4-5-20251001 building_permit_allow_via_db#r6: ALLOW (match=True P=1.00 R=1.00) spent EUR 20.7920
claude-haiku-4-5-20251001 building_permit_deny#r6: DENY (match=True P=1.00 R=1.00) spent EUR 20.7938
claude-haiku-4-5-20251001 building_permit_deny_incompetent#r6: DENY (match=True P=1.00 R=1.00) spent EUR 20.7961
claude-haiku-4-5-20251001 building_permit_deny_no_site_study#r6: DENY (match=True P=1.00 R=1.00) spent EUR 20.7983
claude-haiku-4-5-20251001 building_permit_need_db#r6: NEED_MORE_INFO (match=True P=1.00 R=1.00) spent EUR 20.8002
claude-haiku-4-5-20251001 building_permit_u3_no_register#r6: NEED_MORE_INFO (match=True P=1.00 R=1.00) spent EUR 20.8022
claude-haiku-4-5-20251001 building_permit_u7_trust_only#r6: ALLOW (match=False P=1.00 R=0.00) spent EUR 20.8039
claude-haiku-4-5-20251001 allow#r6: ALLOW (match=True P=1.00 R=1.00) spent EUR 20.8635
claude-haiku-4-5-20251001 db-then-user#r6: NEED_MORE_INFO (match=True P=0.50 R=1.00) spent EUR 20.9233
claude-haiku-4-5-20251001 deny#r6: DENY (match=True P=1.00 R=1.00) spent EUR 20.9830
claude-haiku-4-5-20251001 need-db#r6: NEED_MORE_INFO (match=True P=0.50 R=1.00) spent EUR 21.0427
claude-haiku-4-5-20251001 need-user#r6: NEED_MORE_INFO (match=True P=1.00 R=1.00) spent EUR 21.1024
claude-haiku-4-5-20251001 prompt-swap#r6: ALLOW (match=True P=1.00 R=1.00) spent EUR 21.1620
claude-haiku-4-5-20251001 unrelated-law#r6: ALLOW (match=True P=1.00 R=1.00) spent EUR 21.1820
claude-haiku-4-5-20251001 civil_service_allow#r7: ALLOW (match=True P=1.00 R=1.00) spent EUR 21.1840
claude-haiku-4-5-20251001 civil_service_allow_eu_path#r7: DENY (match=False P=1.00 R=1.00) spent EUR 21.1866
claude-haiku-4-5-20251001 civil_service_deny#r7: DENY (match=True P=1.00 R=1.00) spent EUR 21.1886
claude-haiku-4-5-20251001 civil_service_deny_no_citizenship#r7: DENY (match=True P=1.00 R=1.00) spent EUR 21.1908
claude-haiku-4-5-20251001 civil_service_need_db#r7: NEED_MORE_INFO (match=True P=1.00 R=1.00) spent EUR 21.1930
claude-haiku-4-5-20251001 civil_service_u3_no_register#r7: NEED_MORE_INFO (match=True P=1.00 R=0.67) spent EUR 21.1952
claude-haiku-4-5-20251001 civil_service_u7_trust_only#r7: ALLOW (match=False P=1.00 R=0.00) spent EUR 21.1972
claude-haiku-4-5-20251001 civil_service_u8_need_user#r7: NEED_MORE_INFO (match=True P=1.00 R=1.00) spent EUR 21.1993
claude-haiku-4-5-20251001 consumer_withdrawal_allow#r7: ALLOW (match=True P=1.00 R=1.00) spent EUR 21.2011
claude-haiku-4-5-20251001 consumer_withdrawal_allow_via_db#r7: ALLOW (match=True P=1.00 R=1.00) spent EUR 21.2030
claude-haiku-4-5-20251001 consumer_withdrawal_deny#r7: DENY (match=True P=1.00 R=1.00) spent EUR 21.2050
claude-haiku-4-5-20251001 consumer_withdrawal_deny_not_consumer#r7: DENY (match=True P=1.00 R=1.00) spent EUR 21.2073
claude-haiku-4-5-20251001 consumer_withdrawal_need_user#r7: NEED_MORE_INFO (match=True P=1.00 R=1.00) spent EUR 21.2094
claude-haiku-4-5-20251001 consumer_withdrawal_u3_no_register#r7: NEED_MORE_INFO (match=True P=1.00 R=1.00) spent EUR 21.2115
claude-haiku-4-5-20251001 consumer_withdrawal_u5_need_db#r7: NEED_MORE_INFO (match=True P=1.00 R=1.00) spent EUR 21.2135
claude-haiku-4-5-20251001 consumer_withdrawal_u7_trust_only#r7: ALLOW (match=False P=1.00 R=0.00) spent EUR 21.2154
claude-haiku-4-5-20251001 land_tax_allow#r7: ALLOW (match=True P=1.00 R=1.00) spent EUR 21.2176
claude-haiku-4-5-20251001 land_tax_allow_pensioner#r7: ALLOW (match=True P=1.00 R=1.00) spent EUR 21.2199
claude-haiku-4-5-20251001 land_tax_allow_via_db#r7: ALLOW (match=True P=1.00 R=1.00) spent EUR 21.2221
claude-haiku-4-5-20251001 land_tax_deny#r7: DENY (match=True P=1.00 R=1.00) spent EUR 21.2242
claude-haiku-4-5-20251001 land_tax_deny_not_residential#r7: DENY (match=True P=1.00 R=1.00) spent EUR 21.2262
claude-haiku-4-5-20251001 land_tax_need_db#r7: NEED_MORE_INFO (match=True P=1.00 R=1.00) spent EUR 21.2283
claude-haiku-4-5-20251001 land_tax_u3_no_register#r7: NEED_MORE_INFO (match=True P=1.00 R=1.00) spent EUR 21.2304
claude-haiku-4-5-20251001 land_tax_u7_trust_only#r7: ALLOW (match=False P=1.00 R=0.00) spent EUR 21.2325
claude-haiku-4-5-20251001 journalism_allow#r7: ALLOW (match=True P=1.00 R=1.00) spent EUR 21.2339
claude-haiku-4-5-20251001 journalism_allow_via_consent#r7: DENY (match=False P=1.00 R=1.00) spent EUR 21.2361
claude-haiku-4-5-20251001 journalism_deny#r7: DENY (match=True P=1.00 R=1.00) spent EUR 21.2378
claude-haiku-4-5-20251001 journalism_deny_no_basis#r7: DENY (match=True P=1.00 R=1.00) spent EUR 21.2395
claude-haiku-4-5-20251001 journalism_need_user#r7: NEED_MORE_INFO (match=True P=0.67 R=1.00) spent EUR 21.2414
claude-haiku-4-5-20251001 journalism_u3_no_register#r7: NEED_MORE_INFO (match=True P=1.00 R=1.00) spent EUR 21.2432
claude-haiku-4-5-20251001 journalism_u5_need_db#r7: NEED_MORE_INFO (match=True P=1.00 R=0.50) spent EUR 21.2449
claude-haiku-4-5-20251001 journalism_u7_trust_only#r7: ALLOW (match=False P=1.00 R=0.00) spent EUR 21.2464
claude-haiku-4-5-20251001 building_permit_allow#r7: ALLOW (match=True P=1.00 R=1.00) spent EUR 21.2481
claude-haiku-4-5-20251001 building_permit_allow_via_db#r7: ALLOW (match=True P=1.00 R=1.00) spent EUR 21.2498
claude-haiku-4-5-20251001 building_permit_deny#r7: DENY (match=True P=1.00 R=1.00) spent EUR 21.2516
claude-haiku-4-5-20251001 building_permit_deny_incompetent#r7: DENY (match=True P=1.00 R=1.00) spent EUR 21.2539
claude-haiku-4-5-20251001 building_permit_deny_no_site_study#r7: DENY (match=True P=1.00 R=1.00) spent EUR 21.2562
claude-haiku-4-5-20251001 building_permit_need_db#r7: NEED_MORE_INFO (match=True P=1.00 R=1.00) spent EUR 21.2582
claude-haiku-4-5-20251001 building_permit_u3_no_register#r7: NEED_MORE_INFO (match=True P=1.00 R=1.00) spent EUR 21.2601
claude-haiku-4-5-20251001 building_permit_u7_trust_only#r7: ALLOW (match=False P=1.00 R=0.00) spent EUR 21.2618
claude-haiku-4-5-20251001 allow#r7: ALLOW (match=True P=1.00 R=1.00) spent EUR 21.3214
claude-haiku-4-5-20251001 db-then-user#r7: NEED_MORE_INFO (match=True P=0.50 R=1.00) spent EUR 21.3813
claude-haiku-4-5-20251001 deny#r7: DENY (match=True P=1.00 R=1.00) spent EUR 21.4409
claude-haiku-4-5-20251001 need-db#r7: NEED_MORE_INFO (match=True P=0.50 R=1.00) spent EUR 21.5007
claude-haiku-4-5-20251001 need-user#r7: NEED_MORE_INFO (match=True P=1.00 R=1.00) spent EUR 21.5603
claude-haiku-4-5-20251001 prompt-swap#r7: ALLOW (match=True P=1.00 R=1.00) spent EUR 21.6199
claude-haiku-4-5-20251001 unrelated-law#r7: ALLOW (match=True P=1.00 R=1.00) spent EUR 21.6399
claude-haiku-4-5-20251001 civil_service_allow#r8: ALLOW (match=True P=1.00 R=1.00) spent EUR 21.6419
claude-haiku-4-5-20251001 civil_service_allow_eu_path#r8: DENY (match=False P=1.00 R=1.00) spent EUR 21.6447
claude-haiku-4-5-20251001 civil_service_deny#r8: DENY (match=True P=1.00 R=1.00) spent EUR 21.6466
claude-haiku-4-5-20251001 civil_service_deny_no_citizenship#r8: DENY (match=True P=1.00 R=1.00) spent EUR 21.6489
claude-haiku-4-5-20251001 civil_service_need_db#r8: NEED_MORE_INFO (match=True P=1.00 R=1.00) spent EUR 21.6510
claude-haiku-4-5-20251001 civil_service_u3_no_register#r8: NEED_MORE_INFO (match=True P=1.00 R=0.67) spent EUR 21.6534
claude-haiku-4-5-20251001 civil_service_u7_trust_only#r8: ALLOW (match=False P=1.00 R=0.00) spent EUR 21.6553
claude-haiku-4-5-20251001 civil_service_u8_need_user#r8: NEED_MORE_INFO (match=True P=1.00 R=1.00) spent EUR 21.6576
claude-haiku-4-5-20251001 consumer_withdrawal_allow#r8: ALLOW (match=True P=1.00 R=1.00) spent EUR 21.6595
claude-haiku-4-5-20251001 consumer_withdrawal_allow_via_db#r8: ALLOW (match=True P=1.00 R=1.00) spent EUR 21.6614
claude-haiku-4-5-20251001 consumer_withdrawal_deny#r8: DENY (match=True P=1.00 R=1.00) spent EUR 21.6634
claude-haiku-4-5-20251001 consumer_withdrawal_deny_not_consumer#r8: DENY (match=True P=1.00 R=1.00) spent EUR 21.6656
claude-haiku-4-5-20251001 consumer_withdrawal_need_user#r8: NEED_MORE_INFO (match=True P=1.00 R=1.00) spent EUR 21.6677
claude-haiku-4-5-20251001 consumer_withdrawal_u3_no_register#r8: NEED_MORE_INFO (match=True P=1.00 R=1.00) spent EUR 21.6700
claude-haiku-4-5-20251001 consumer_withdrawal_u5_need_db#r8: NEED_MORE_INFO (match=True P=1.00 R=1.00) spent EUR 21.6720
claude-haiku-4-5-20251001 consumer_withdrawal_u7_trust_only#r8: ALLOW (match=False P=1.00 R=0.00) spent EUR 21.6739
claude-haiku-4-5-20251001 land_tax_allow#r8: ALLOW (match=True P=1.00 R=1.00) spent EUR 21.6762
claude-haiku-4-5-20251001 land_tax_allow_pensioner#r8: ALLOW (match=True P=1.00 R=1.00) spent EUR 21.6783
claude-haiku-4-5-20251001 land_tax_allow_via_db#r8: ALLOW (match=True P=1.00 R=1.00) spent EUR 21.6803
claude-haiku-4-5-20251001 land_tax_deny#r8: DENY (match=True P=1.00 R=1.00) spent EUR 21.6823
claude-haiku-4-5-20251001 land_tax_deny_not_residential#r8: DENY (match=True P=1.00 R=1.00) spent EUR 21.6844
claude-haiku-4-5-20251001 land_tax_need_db#r8: NEED_MORE_INFO (match=True P=1.00 R=1.00) spent EUR 21.6866
claude-haiku-4-5-20251001 land_tax_u3_no_register#r8: NEED_MORE_INFO (match=True P=1.00 R=1.00) spent EUR 21.6889
claude-haiku-4-5-20251001 land_tax_u7_trust_only#r8: ALLOW (match=False P=1.00 R=0.00) spent EUR 21.6909
claude-haiku-4-5-20251001 journalism_allow#r8: ALLOW (match=True P=1.00 R=1.00) spent EUR 21.6924
claude-haiku-4-5-20251001 journalism_allow_via_consent#r8: DENY (match=False P=1.00 R=1.00) spent EUR 21.6951
claude-haiku-4-5-20251001 journalism_deny#r8: DENY (match=True P=1.00 R=1.00) spent EUR 21.6967
claude-haiku-4-5-20251001 journalism_deny_no_basis#r8: DENY (match=True P=1.00 R=1.00) spent EUR 21.6984
claude-haiku-4-5-20251001 journalism_need_user#r8: NEED_MORE_INFO (match=True P=0.67 R=1.00) spent EUR 21.7003
claude-haiku-4-5-20251001 journalism_u3_no_register#r8: NEED_MORE_INFO (match=True P=1.00 R=1.00) spent EUR 21.7020
claude-haiku-4-5-20251001 journalism_u5_need_db#r8: NEED_MORE_INFO (match=True P=1.00 R=0.50) spent EUR 21.7038
claude-haiku-4-5-20251001 journalism_u7_trust_only#r8: ALLOW (match=False P=1.00 R=0.00) spent EUR 21.7053
claude-haiku-4-5-20251001 building_permit_allow#r8: ALLOW (match=True P=1.00 R=1.00) spent EUR 21.7070
claude-haiku-4-5-20251001 building_permit_allow_via_db#r8: ALLOW (match=True P=1.00 R=1.00) spent EUR 21.7088
claude-haiku-4-5-20251001 building_permit_deny#r8: DENY (match=True P=1.00 R=1.00) spent EUR 21.7105
claude-haiku-4-5-20251001 building_permit_deny_incompetent#r8: DENY (match=True P=1.00 R=1.00) spent EUR 21.7128
claude-haiku-4-5-20251001 building_permit_deny_no_site_study#r8: DENY (match=True P=1.00 R=1.00) spent EUR 21.7150
claude-haiku-4-5-20251001 building_permit_need_db#r8: NEED_MORE_INFO (match=True P=1.00 R=1.00) spent EUR 21.7169
claude-haiku-4-5-20251001 building_permit_u3_no_register#r8: NEED_MORE_INFO (match=True P=1.00 R=1.00) spent EUR 21.7188
claude-haiku-4-5-20251001 building_permit_u7_trust_only#r8: ALLOW (match=False P=1.00 R=0.00) spent EUR 21.7206
claude-haiku-4-5-20251001 allow#r8: ALLOW (match=True P=1.00 R=1.00) spent EUR 21.7802
claude-haiku-4-5-20251001 db-then-user#r8: NEED_MORE_INFO (match=True P=0.50 R=1.00) spent EUR 21.8400
claude-haiku-4-5-20251001 deny#r8: DENY (match=True P=1.00 R=1.00) spent EUR 21.8997
claude-haiku-4-5-20251001 need-db#r8: NEED_MORE_INFO (match=True P=0.50 R=1.00) spent EUR 21.9594
claude-haiku-4-5-20251001 need-user#r8: NEED_MORE_INFO (match=True P=1.00 R=1.00) spent EUR 22.0191
claude-haiku-4-5-20251001 prompt-swap#r8: ALLOW (match=True P=1.00 R=1.00) spent EUR 22.0786
claude-haiku-4-5-20251001 unrelated-law#r8: ALLOW (match=True P=1.00 R=1.00) spent EUR 22.0986
claude-haiku-4-5-20251001 civil_service_allow#r9: ALLOW (match=True P=1.00 R=1.00) spent EUR 22.1006
claude-haiku-4-5-20251001 civil_service_allow_eu_path#r9: DENY (match=False P=1.00 R=1.00) spent EUR 22.1034
claude-haiku-4-5-20251001 civil_service_deny#r9: DENY (match=True P=1.00 R=1.00) spent EUR 22.1054
claude-haiku-4-5-20251001 civil_service_deny_no_citizenship#r9: DENY (match=True P=1.00 R=1.00) spent EUR 22.1077
claude-haiku-4-5-20251001 civil_service_need_db#r9: NEED_MORE_INFO (match=True P=1.00 R=1.00) spent EUR 22.1099
claude-haiku-4-5-20251001 civil_service_u3_no_register#r9: NEED_MORE_INFO (match=True P=1.00 R=0.67) spent EUR 22.1121
claude-haiku-4-5-20251001 civil_service_u7_trust_only#r9: ALLOW (match=False P=1.00 R=0.00) spent EUR 22.1141
claude-haiku-4-5-20251001 civil_service_u8_need_user#r9: NEED_MORE_INFO (match=True P=1.00 R=1.00) spent EUR 22.1163
claude-haiku-4-5-20251001 consumer_withdrawal_allow#r9: ALLOW (match=True P=1.00 R=1.00) spent EUR 22.1182
claude-haiku-4-5-20251001 consumer_withdrawal_allow_via_db#r9: ALLOW (match=True P=1.00 R=1.00) spent EUR 22.1201
claude-haiku-4-5-20251001 consumer_withdrawal_deny#r9: DENY (match=True P=1.00 R=1.00) spent EUR 22.1222
claude-haiku-4-5-20251001 consumer_withdrawal_deny_not_consumer#r9: DENY (match=True P=1.00 R=1.00) spent EUR 22.1244
claude-haiku-4-5-20251001 consumer_withdrawal_need_user#r9: NEED_MORE_INFO (match=True P=1.00 R=1.00) spent EUR 22.1266
claude-haiku-4-5-20251001 consumer_withdrawal_u3_no_register#r9: NEED_MORE_INFO (match=True P=1.00 R=1.00) spent EUR 22.1289
claude-haiku-4-5-20251001 consumer_withdrawal_u5_need_db#r9: NEED_MORE_INFO (match=True P=1.00 R=1.00) spent EUR 22.1309
claude-haiku-4-5-20251001 consumer_withdrawal_u7_trust_only#r9: ALLOW (match=False P=1.00 R=0.00) spent EUR 22.1328
claude-haiku-4-5-20251001 land_tax_allow#r9: ALLOW (match=True P=1.00 R=1.00) spent EUR 22.1350
claude-haiku-4-5-20251001 land_tax_allow_pensioner#r9: ALLOW (match=True P=1.00 R=1.00) spent EUR 22.1370
claude-haiku-4-5-20251001 land_tax_allow_via_db#r9: ALLOW (match=True P=1.00 R=1.00) spent EUR 22.1391
claude-haiku-4-5-20251001 land_tax_deny#r9: DENY (match=True P=1.00 R=1.00) spent EUR 22.1411
claude-haiku-4-5-20251001 land_tax_deny_not_residential#r9: DENY (match=True P=1.00 R=1.00) spent EUR 22.1432
claude-haiku-4-5-20251001 land_tax_need_db#r9: NEED_MORE_INFO (match=True P=1.00 R=1.00) spent EUR 22.1453
claude-haiku-4-5-20251001 land_tax_u3_no_register#r9: NEED_MORE_INFO (match=True P=1.00 R=1.00) spent EUR 22.1474
claude-haiku-4-5-20251001 land_tax_u7_trust_only#r9: ALLOW (match=False P=1.00 R=0.00) spent EUR 22.1495
claude-haiku-4-5-20251001 journalism_allow#r9: ALLOW (match=True P=1.00 R=1.00) spent EUR 22.1509
claude-haiku-4-5-20251001 journalism_allow_via_consent#r9: DENY (match=False P=1.00 R=1.00) spent EUR 22.1531
claude-haiku-4-5-20251001 journalism_deny#r9: DENY (match=True P=1.00 R=1.00) spent EUR 22.1548
claude-haiku-4-5-20251001 journalism_deny_no_basis#r9: DENY (match=True P=1.00 R=1.00) spent EUR 22.1565
claude-haiku-4-5-20251001 journalism_need_user#r9: NEED_MORE_INFO (match=True P=0.67 R=1.00) spent EUR 22.1583
claude-haiku-4-5-20251001 journalism_u3_no_register#r9: NEED_MORE_INFO (match=True P=1.00 R=1.00) spent EUR 22.1601
claude-haiku-4-5-20251001 journalism_u5_need_db#r9: NEED_MORE_INFO (match=True P=1.00 R=0.50) spent EUR 22.1619
claude-haiku-4-5-20251001 journalism_u7_trust_only#r9: ALLOW (match=False P=1.00 R=0.00) spent EUR 22.1633
claude-haiku-4-5-20251001 building_permit_allow#r9: ALLOW (match=True P=1.00 R=1.00) spent EUR 22.1650
claude-haiku-4-5-20251001 building_permit_allow_via_db#r9: ALLOW (match=True P=1.00 R=1.00) spent EUR 22.1667
claude-haiku-4-5-20251001 building_permit_deny#r9: DENY (match=True P=1.00 R=1.00) spent EUR 22.1685
claude-haiku-4-5-20251001 building_permit_deny_incompetent#r9: DENY (match=True P=1.00 R=1.00) spent EUR 22.1708
claude-haiku-4-5-20251001 building_permit_deny_no_site_study#r9: DENY (match=True P=1.00 R=1.00) spent EUR 22.1731
claude-haiku-4-5-20251001 building_permit_need_db#r9: NEED_MORE_INFO (match=True P=1.00 R=1.00) spent EUR 22.1750
claude-haiku-4-5-20251001 building_permit_u3_no_register#r9: NEED_MORE_INFO (match=True P=1.00 R=1.00) spent EUR 22.1770
claude-haiku-4-5-20251001 building_permit_u7_trust_only#r9: ALLOW (match=False P=1.00 R=0.00) spent EUR 22.1787
claude-haiku-4-5-20251001 allow#r9: ALLOW (match=True P=1.00 R=1.00) spent EUR 22.2383
claude-haiku-4-5-20251001 db-then-user#r9: NEED_MORE_INFO (match=True P=0.50 R=1.00) spent EUR 22.2981
claude-haiku-4-5-20251001 deny#r9: DENY (match=True P=1.00 R=1.00) spent EUR 22.3578
claude-haiku-4-5-20251001 need-db#r9: NEED_MORE_INFO (match=True P=0.50 R=1.00) spent EUR 22.4175
claude-haiku-4-5-20251001 need-user#r9: NEED_MORE_INFO (match=True P=1.00 R=1.00) spent EUR 22.4771
claude-haiku-4-5-20251001 prompt-swap#r9: ALLOW (match=True P=1.00 R=1.00) spent EUR 22.5367
claude-haiku-4-5-20251001 unrelated-law#r9: ALLOW (match=True P=1.00 R=1.00) spent EUR 22.5567
Run spend: EUR 7.8458
Wrote summary -> /Users/ottomattas/src/ottomattas/statute-decider/experiments/results/oracle-llm-20260901/oracle_rules_llm.md
